time,user_id,user_name,content,grade,fans_club
23:32:18,93022343559,小关关呐🧸,提前关注=额外100宵夜,[等级28],[粉丝团 Lv11]
23:32:18,2274229057494279,筱筱【筱舍造型工作室】,提前关注=额外100宵夜,[等级21],[粉丝团 Lv12]
23:32:19,61938833360,财神爷的心尖宠,提前关注=额外100宵夜,[等级13],[粉丝团 Lv11]
23:32:19,79984303823,程先生,提前关注=额外100宵夜,[等级21],
23:32:19,1676117876942583,土豆ㅤ,提前关注=额外100宵夜,[等级29],[粉丝团 Lv8]
23:32:19,530384441845757,乖 乖,提前关注=额外100宵夜,[等级12],[粉丝团 Lv10]
23:32:19,93971904223,Only丶,提前关注=额外100宵夜,[等级36],[粉丝团 Lv10]
23:32:19,2717627669293583,浅浅,提前关注=额外100宵夜,[等级7],[粉丝团 Lv10]
23:32:19,4266538190244392,小月。,提前关注=额外100宵夜,[等级14],[粉丝团 Lv11]
23:32:20,88411075467,𖠚ᐝ,提前关注=额外100宵夜,[等级19],[粉丝团 Lv11]
23:32:20,101758666678,大头娃娃,提前关注=额外100宵夜,[等级30],[粉丝团 Lv15]
23:32:20,97070486423,Mr刘大叔,提前关注=额外100宵夜,[等级17],[粉丝团 Lv12]
23:32:20,756078269696423,陈祎,提前关注=额外100宵夜,[等级10],[粉丝团 Lv10]
23:32:20,79838001760,胡.,提前关注=额外100宵夜,[等级18],[粉丝团 Lv10]
23:32:20,72422823763,风止于秋水~,提前关注=额外100宵夜,[等级34],[粉丝团 Lv10]
23:32:20,71291592420,💭,提前关注=额外100宵夜,[等级10],[粉丝团 Lv11]
23:32:20,3227817933545204,JennyR,提前关注=额外100宵夜,[等级13],[粉丝团 Lv10]
23:32:20,76501464517,追光者ZGZ,提前关注=额外100宵夜,[等级10],[粉丝团 Lv9]
23:32:20,102904423757,温暖☀️,提前关注=额外100宵夜,[等级15],[粉丝团 Lv13]
23:32:20,1200315441359432,星空下的身影,提前关注=额外100宵夜,[等级13],[粉丝团 Lv9]
23:32:20,92769141061,大知闲闲、,提前关注=额外100宵夜,[等级17],[粉丝团 Lv11]
23:32:20,1724463621879645,ㅤㅤㅤㅤㅤㅤ       ㅤㅤㅤ,提前关注=额外100宵夜,[等级12],[粉丝团 Lv11]
23:32:20,95608007850,Shyou,提前关注=额外100宵夜,[等级55],[粉丝团 Lv10]
23:32:20,104711202796,冉霸霸🖤,提前关注=额外100宵夜,[等级27],[粉丝团 Lv10]
23:32:22,4170890856890948,杨俊俊단단,提前关注=额外100宵夜,,
23:32:22,58519123019,M。,提前关注=额外100宵夜,[等级10],[粉丝团 Lv10]
23:32:22,1660701815348284,Aurora-,提前关注=额外100宵夜,[等级7],[粉丝团 Lv6]
23:32:22,82140856326,等待,提前关注=额外100宵夜,[等级10],[粉丝团 Lv11]
23:32:22,3852291762041080,光头有点闲,提前关注=额外100宵夜,[等级14],[粉丝团 Lv13]
23:32:22,2594487345887303,我有一个梦＊＊,提前关注=额外100宵夜,[等级12],[粉丝团 Lv11]
23:32:22,54169086488,拾月🇨🇳,提前关注=额外100宵夜,[等级6],
23:32:22,12788578924292,那咋啦,提前关注=额外100宵夜,[等级16],[粉丝团 Lv10]
23:32:22,65340560701,毛毛姐姐,提前关注=额外100宵夜,[等级23],[粉丝团 Lv11]
23:32:22,1970783520302535,薛二妞鸭,提前关注=额外100宵夜,[等级6],[粉丝团 Lv6]
23:32:22,111575669755,风的季节,提前关注=额外100宵夜,[等级24],[粉丝团 Lv10]
23:32:22,55102103718,嘟嘟妞妞,提前关注=额外100宵夜,[等级11],[粉丝团 Lv4]
23:32:22,1011967274794820,🌈奉先,提前关注=额外100宵夜,[等级18],[粉丝团 Lv8]
23:32:24,95773811299,飞哥,提前关注=额外100宵夜,[等级30],[粉丝团 Lv13]
23:32:24,98368806608,火星哥,提前关注=额外100宵夜,[等级20],[粉丝团 Lv10]
23:32:24,2264605140464141,华哥,提前关注=额外100宵夜,[等级10],[粉丝团 Lv4]
23:32:24,78341560096,JING惊蛰,提前关注=额外100宵夜,[等级25],[粉丝团 Lv4]
23:32:24,102642824547,A阿宿,提前关注=额外100宵夜,[等级2],[粉丝团 Lv5]
23:32:24,1519956572504739,李不李喔,提前关注=额外100宵夜,[等级1],
23:32:24,80994606909,乆,提前关注=额外100宵夜,[等级33],[粉丝团 Lv6]
23:32:24,94068563810,Money,提前关注=额外100宵夜,[等级12],[粉丝团 Lv11]
23:32:24,3500443393329229,最初……,提前关注=额外100宵夜,[等级22],[粉丝团 Lv6]
23:32:24,72889517973,沐回村,提前关注=额外100宵夜,[等级11],[粉丝团 Lv8]
23:32:24,101954758888,Smile。泉,提前关注=额外100宵夜,[等级7],[粉丝团 Lv2]
23:32:24,96464346733,花和尚,提前关注=额外100宵夜,[等级19],[粉丝团 Lv13]
23:32:24,13060129382,薯条搭配土豆泥,提前关注=额外100宵夜,[等级32],[粉丝团 Lv12]
23:32:25,423725259301705,忘忧草🐟,提前关注=额外100宵夜,,
23:32:26,1060387819109613,喜悦,提前关注=额外100宵夜,[等级5],
23:32:26,62653006650,*顺奇自然*,提前关注=额外100宵夜,[等级12],[粉丝团 Lv8]
23:32:26,107081725650796,罗浮岛,提前关注=额外100宵夜,[等级6],[粉丝团 Lv8]
23:32:26,100742942434315,时光静好,提前关注=额外100宵夜,[等级13],[粉丝团 Lv1]
23:32:26,3632402184026109,@（至尊玉龙）@,提前关注=额外100宵夜,[等级16],[粉丝团 Lv11]
23:32:26,102990970969,天下一统,提前关注=额外100宵夜,[等级3],
23:32:26,59225349339,事了佛衣去,提前关注=额外100宵夜,[等级16],[粉丝团 Lv10]
23:32:26,96402584427,酸奶,提前关注=额外100宵夜,[等级5],[粉丝团 Lv6]
23:32:26,1327842378390622,卡布呢,提前关注=额外100宵夜,[等级2],[粉丝团 Lv2]
23:32:26,107761691347,小钱同志,提前关注=额外100宵夜,[等级8],[粉丝团 Lv1]
23:32:26,3171416094813437,ʚ薄荷糖ɞ,提前关注=额外100宵夜,[等级12],
23:32:26,59842910178,羊,提前关注=额外100宵夜,[等级19],
23:32:26,4146970469085304,胖胖pro,提前关注=额外100宵夜,[等级13],[粉丝团 Lv11]
23:32:28,67555132802,亮仔228,提前关注=额外100宵夜,[等级17],[粉丝团 Lv11]
23:32:28,84278900742,宁之鸿（马宁华）,提前关注=额外100宵夜,[等级18],[粉丝团 Lv4]
23:32:29,98594092844,🇨🇳福星高照,提前关注=额外100宵夜,[等级10],[粉丝团 Lv6]
23:32:30,92956760775,樱桃丸犊子,提前关注=额外100宵夜,[等级5],[粉丝团 Lv9]
23:32:30,118348157296172,octree,提前关注=额外100宵夜,[等级10],[粉丝团 Lv9]
23:32:30,7474911387049083963,嗯。,提前关注=额外100宵夜,[等级4],[粉丝团 Lv6]
23:32:30,1808018031528240,往怀里跑,提前关注=额外100宵夜,[等级22],[粉丝团 Lv7]
23:32:30,1097739480363507,♡晚风♪,提前关注=额外100宵夜,[等级29],[粉丝团 Lv4]
23:32:30,1577149266399600,爱意难消,提前关注=额外100宵夜,[等级22],
23:32:30,3438882202060983,☆往事随風☆,提前关注=额外100宵夜,[等级9],[粉丝团 Lv6]
23:32:30,2446869692940458,不该,提前关注=额外100宵夜,[等级8],[粉丝团 Lv4]
23:32:30,60308253776,阿波罗🏂,提前关注=额外100宵夜,[等级20],[粉丝团 Lv12]
23:32:30,4410896841448173,@果冻@,提前关注=额外100宵夜,[等级12],[粉丝团 Lv11]
23:32:30,73698791111,素燃,提前关注=额外100宵夜,[等级18],[粉丝团 Lv12]
23:32:30,61289124886,C ･ Y _,提前关注=额外100宵夜,[等级18],[粉丝团 Lv13]
23:32:30,2154638085461037,miss ye,提前关注=额外100宵夜,[等级4],[粉丝团 Lv7]
23:32:30,92616925981,李度春风,提前关注=额外100宵夜,[等级25],[粉丝团 Lv12]
23:32:30,4375707840950174,龍,提前关注=额外100宵夜,[等级20],[粉丝团 Lv5]
23:32:31,97019353904,还行,提前关注=额外100宵夜,[等级1],
23:32:31,1890758845273127,是甜甜吗？,提前关注=额外100宵夜,[等级9],[粉丝团 Lv7]
23:32:31,109215019670,梦婷,提前关注=额外100宵夜,[等级7],[粉丝团 Lv9]
23:32:31,103793969293,Lykke,提前关注=额外100宵夜,[等级7],[粉丝团 Lv10]
23:32:31,19537922380,伐克,提前关注=额外100宵夜,[等级9],[粉丝团 Lv5]
23:32:32,53434609656,bzj,提前关注=额外100宵夜,[等级9],[粉丝团 Lv10]
23:32:32,4107387993603597,是瓶子呀,提前关注=额外100宵夜,[等级27],[粉丝团 Lv12]
23:32:32,66667469979,諾⛄️,提前关注=额外100宵夜,[等级27],[粉丝团 Lv3]
23:32:32,67387486304,清汤豆腐_,提前关注=额外100宵夜,[等级11],[粉丝团 Lv1]
23:32:32,104305439396,꧔ꦿএ᭄🐅潘꧔ꦿএ᭄,提前关注=额外100宵夜,[等级17],[粉丝团 Lv13]
23:32:32,3949070434973863,一台破车走天涯,提前关注=额外100宵夜,[等级13],[粉丝团 Lv5]
23:32:32,71816349229,海蓝时现鲸,提前关注=额外100宵夜,[等级19],[粉丝团 Lv7]
23:32:33,3588409297208351,小鬼不吃宵夜,提前关注=额外100宵夜,[等级13],[粉丝团 Lv7]
23:32:34,3087054738031261,雨过天晴大雨哥,提前关注=额外100宵夜,[等级6],[粉丝团 Lv8]
23:32:35,108790267592,瑜月,提前关注=额外100宵夜,[等级9],[粉丝团 Lv7]
23:32:35,53911070638,平常心,提前关注=额外100宵夜,[等级12],[粉丝团 Lv9]
23:32:35,106730019933,西湖区房东,提前关注=额外100宵夜,[等级9],
23:32:36,94402069809,小冻橘,提前关注=额外100宵夜,[等级13],[粉丝团 Lv7]
23:32:36,96488916026,BIN,提前关注=额外100宵夜,[等级5],[粉丝团 Lv7]
23:32:36,60991401232,Ｍ j 在🇲🇴ing..,提前关注=额外100宵夜,[等级27],[粉丝团 Lv5]
23:32:36,96870490687,撸铁,提前关注=额外100宵夜,[等级32],[粉丝团 Lv10]
23:32:36,101822137025,💞ꦽ满是心酸ꦿ皆是遗憾,提前关注=额外100宵夜,[等级13],[粉丝团 Lv8]
23:32:36,94125389221,欭惗,提前关注=额外100宵夜,[等级17],[粉丝团 Lv12]
23:32:36,108947993276,等待爱的港湾,提前关注=额外100宵夜,[等级11],[粉丝团 Lv6]
23:32:36,64903208367,Jack-,提前关注=额外100宵夜,[等级17],[粉丝团 Lv11]
23:32:36,70423999969,无忧无虑🎉,提前关注=额外100宵夜,[等级8],[粉丝团 Lv3]
23:32:36,2642845251413892,你才是个萝卜,提前关注=额外100宵夜,[等级13],[粉丝团 Lv11]
23:32:36,65978438474,邦邦,提前关注=额外100宵夜,[等级16],[粉丝团 Lv12]
23:32:37,87243903052,辞川,提前关注=额外100宵夜,[等级24],[粉丝团 Lv10]
23:32:38,75239891929327,好运来💰,提前关注=额外100宵夜,[等级10],[粉丝团 Lv10]
23:32:38,105035757023,G-Nov6-Sco,提前关注=额外100宵夜,[等级12],[粉丝团 Lv11]
23:32:38,1911413500821232,🐈‍⬛,提前关注=额外100宵夜,[等级2],[粉丝团 Lv2]
23:32:39,97841687640,Almost 98,提前关注=额外100宵夜,[等级8],[粉丝团 Lv10]
23:32:39,92904389968,9.21,提前关注=额外100宵夜,[等级14],[粉丝团 Lv10]
23:32:39,76128661871,老林%,提前关注=额外100宵夜,[等级15],[粉丝团 Lv10]
23:32:40,98631381010,大金豆,提前关注=额外100宵夜,[等级13],[粉丝团 Lv2]
23:32:40,71990237374,乖乖 Zeus,提前关注=额外100宵夜,[等级10],[粉丝团 Lv6]
23:32:40,64379304677,慢冷。,提前关注=额外100宵夜,[等级19],[粉丝团 Lv15]
23:32:40,3855348770285827,淼,提前关注=额外100宵夜,[等级5],[粉丝团 Lv4]
23:32:40,3852285380410375,有菜又爱玩,提前关注=额外100宵夜,[等级5],[粉丝团 Lv3]
23:32:40,59162977083,溜溜曦曦🦆,提前关注=额外100宵夜,[等级15],
23:32:40,2819583707710068,狐狸尾巴向日葵🌻,提前关注=额外100宵夜,[等级22],[粉丝团 Lv14]
23:32:40,51104245704,🕊💞ღ᭄烈酒ꦿ꯭敬ꦿ᭄余生💞🕊,提前关注=额外100宵夜,[等级18],[粉丝团 Lv10]
23:32:40,1170306478126557,胡扬,提前关注=额外100宵夜,[等级10],
23:32:40,103979643791,财神爷的独生女( ´･ᴗ･` ),提前关注=额外100宵夜,[等级20],[粉丝团 Lv11]
23:32:40,107665894384,3-5+2=0,提前关注=额外100宵夜,[等级7],[粉丝团 Lv7]
23:32:41,2071070984124696,华胥残梦荡流年,提前关注=额外100宵夜,[等级28],[粉丝团 Lv11]
23:32:41,63704923744,🐜奇🐘遇⁸⁰⁰⁸,提前关注=额外100宵夜,[等级23],[粉丝团 Lv10]
23:32:41,3710176201805579,林总,提前关注=额外100宵夜,,
23:32:41,88516270218,孤独根号二,提前关注=额外100宵夜,[等级19],
23:32:41,93974774195,天丶空,提前关注=额外100宵夜,[等级34],[粉丝团 Lv16]
23:32:42,111551933151,断桥烟雨,提前关注=额外100宵夜,[等级5],[粉丝团 Lv5]
23:32:42,60217075356,山高路远🌻,提前关注=额外100宵夜,[等级9],[粉丝团 Lv1]
23:32:42,95574140761,冷月风霜,提前关注=额外100宵夜,[等级13],[粉丝团 Lv10]
23:32:42,67690268630,Y.HHH,提前关注=额外100宵夜,[等级5],
23:32:42,102863732008,星空之恋酒吧,提前关注=额外100宵夜,[等级24],
23:32:42,97021958794,AMOR,提前关注=额外100宵夜,[等级2],[粉丝团 Lv3]
23:32:43,1719268558506568,轻述,提前关注=额外100宵夜,[等级12],
23:32:43,2330615895294312,wei嗯,提前关注=额外100宵夜,[等级12],[粉丝团 Lv11]
23:32:43,20060527808,泗洪陈师傅油工大白,提前关注=额外100宵夜,[等级21],[粉丝团 Lv10]
23:32:43,68541429571,今天也熬夜了,提前关注=额外100宵夜,[等级15],
23:32:43,2414965288872667,栗子青提,提前关注=额外100宵夜,[等级4],[粉丝团 Lv2]
23:32:43,100030072195,农夫山里有块田,提前关注=额外100宵夜,[等级5],[粉丝团 Lv2]
23:32:43,103633121744,🍊阿豪,提前关注=额外100宵夜,[等级31],[粉丝团 Lv15]
23:32:44,4499643040531264,yiqi7,提前关注=额外100宵夜,[等级12],[粉丝团 Lv11]
23:32:45,2458155356002285,托尼8,提前关注=额外100宵夜,[等级18],[粉丝团 Lv10]
23:32:45,63917873449,饼干¶⌒¶,提前关注=额外100宵夜,[等级3],[粉丝团 Lv3]
23:32:46,70169537846,🌵Juи,提前关注=额外100宵夜,[等级10],[粉丝团 Lv10]
23:32:46,96894878528,じ☆ve,提前关注=额外100宵夜,[等级4],
23:32:46,87805597777,！？！？（名字又没改）,提前关注=额外100宵夜,[等级29],[粉丝团 Lv6]
23:32:46,1544180893223367,1月,提前关注=额外100宵夜,[等级14],[粉丝团 Lv3]
23:32:46,2500744598796624,🪳🪳🪳,提前关注=额外100宵夜,[等级6],[粉丝团 Lv4]
23:32:46,1552929986459896,8lo,提前关注=额外100宵夜,,
23:32:46,11587239617,H.,提前关注=额外100宵夜,[等级3],[粉丝团 Lv3]
23:32:47,104885423613,朝廷的赈灾粮,提前关注=额外100宵夜,[等级3],[粉丝团 Lv7]
23:32:47,394098367807259,空虚了,提前关注=额外100宵夜,[等级7],[粉丝团 Lv11]
23:32:47,79167506622,星烬,提前关注=额外100宵夜,[等级20],[粉丝团 Lv2]
23:32:47,92572295420,__lucky_董゛,提前关注=额外100宵夜,[等级9],
23:32:47,4000495141142276,第七页诗,提前关注=额外100宵夜,[等级5],[粉丝团 Lv4]
23:32:49,84974264381,🦋北岸有山┗|`O′|┛ ~~,提前关注=额外100宵夜,[等级31],[粉丝团 Lv4]
23:32:49,7513259938203501628,快八吴彦祖,提前关注=额外100宵夜,[等级8],[粉丝团 Lv1]
23:32:49,106705911567,宝儿,提前关注=额外100宵夜,[等级24],[粉丝团 Lv12]
23:32:50,2883387267750147,等待,提前关注=额外100宵夜,[等级9],[粉丝团 Lv10]
23:32:50,34788402020119,桀桀桀！,提前关注=额外100宵夜,[等级11],[粉丝团 Lv10]
23:32:51,65526295091,无问西东,提前关注=额外100宵夜,[等级10],[粉丝团 Lv10]
23:32:51,96178984135,27,提前关注=额外100宵夜,[等级43],[粉丝团 Lv8]
23:32:51,78367396417,Aོ    ོ  ོ诺言,提前关注=额外100宵夜,[等级18],[粉丝团 Lv7]
23:32:51,104576066736,🕊悦悦,提前关注=额外100宵夜,[等级10],[粉丝团 Lv9]
23:32:51,100747065593,L໊ₒ别碰ᨶ႒ᩚ我心ᵥ̶,提前关注=额外100宵夜,[等级14],[粉丝团 Lv2]
23:32:51,816284324871866,平平无奇,提前关注=额外100宵夜,[等级18],[粉丝团 Lv4]
23:32:52,4094203160695240,亿个达不刘,提前关注=额外100宵夜,[等级14],[粉丝团 Lv10]
23:32:52,96332587581,越来越好,提前关注=额外100宵夜,[等级34],[粉丝团 Lv3]
23:32:52,16555948445,yyx,提前关注=额外100宵夜,[等级25],[粉丝团 Lv15]
23:32:52,1596909008221508,思绪,提前关注=额外100宵夜,[等级13],[粉丝团 Lv11]
23:32:53,94109958155,呆呆,提前关注=额外100宵夜,[等级17],[粉丝团 Lv11]
23:32:53,74548900792,。。。,提前关注=额外100宵夜,[等级4],
23:32:53,99019201624,Mr.Zhang.,提前关注=额外100宵夜,[等级21],[粉丝团 Lv12]
23:32:53,86892484565,捌玖＾,提前关注=额外100宵夜,[等级14],[粉丝团 Lv12]
23:32:53,1596918238281790,Lloyd,提前关注=额外100宵夜,[等级15],[粉丝团 Lv10]
23:32:54,73007175967,溜溜达达,提前关注=额外100宵夜,[等级19],[粉丝团 Lv9]
23:32:54,100632191540,佐助呀！,提前关注=额外100宵夜,[等级32],[粉丝团 Lv7]
23:32:54,75943672986,梦想_246046321,提前关注=额外100宵夜,[等级4],
23:32:54,1726673531971549,唱的好听,提前关注=额外100宵夜,[等级23],[粉丝团 Lv13]
23:32:55,96529285287,@L_Y@⁵¹⁰⁷⁴₈₀₀₈,提前关注=额外100宵夜,[等级43],[粉丝团:张君雅 Lv17]
23:32:55,104215610579,随风飘扬,提前关注=额外100宵夜,[等级19],[粉丝团 Lv11]
23:32:56,98183588940,豁别个撒,提前关注=额外100宵夜,[等级2],[粉丝团 Lv2]
23:32:56,76763119100,木 易,提前关注=额外100宵夜,[等级28],[粉丝团 Lv2]
23:32:56,103848950710,@~_~@,提前关注=额外100宵夜,[等级24],[粉丝团 Lv13]
23:32:56,1468547053912591,大哥,提前关注=额外100宵夜,[等级20],[粉丝团 Lv12]
23:32:56,4270925303264023,...。,提前关注=额外100宵夜,[等级3],
23:32:56,1363825199951560,权ㅤ,提前关注=额外100宵夜,[等级9],[粉丝团 Lv2]
23:32:56,74760525331,Mr陳什麼,提前关注=额外100宵夜,[等级13],[粉丝团 Lv11]
23:32:57,3098857782655544,7,提前关注=额外100宵夜,[等级4],[粉丝团 Lv7]
23:32:57,2352570170082488,雨y,提前关注=额外100宵夜,[等级1],
23:32:57,104256415425,卋罖Õ,提前关注=额外100宵夜,[等级12],[粉丝团 Lv11]
23:32:57,3057102880251933,用户6483801355239,提前关注=额外100宵夜,[等级3],[粉丝团 Lv2]
23:32:57,78767919754862,二班的,提前关注=额外100宵夜,[等级27],[粉丝团 Lv15]
23:32:57,68348177450,最初。,提前关注=额外100宵夜,[等级8],[粉丝团 Lv5]
23:32:57,77675098025,林小五要早睡,提前关注=额外100宵夜,[等级9],[粉丝团 Lv4]
23:32:57,96459899975,0凸凸0,提前关注=额外100宵夜,[等级22],[粉丝团 Lv12]
23:32:58,3107664738662260,打工仔,提前关注=额外100宵夜,[等级24],[粉丝团 Lv1]
23:32:58,247862868838872,林曦,提前关注=额外100宵夜,[等级4],
23:32:58,84099880563,小A,提前关注=额外100宵夜,[等级18],[粉丝团 Lv4]
23:32:59,96647624839,我不吃豆芽.,提前关注=额外100宵夜,[等级13],[粉丝团 Lv4]
23:33:00,106324248486,T·ᰔᩚan谭谈谈,提前关注=额外100宵夜,[等级27],[粉丝团 Lv10]
23:33:00,96403683694,盛予,提前关注=额外100宵夜,[等级13],[粉丝团 Lv9]
23:33:00,95045929091,狼王,提前关注=额外100宵夜,[等级15],
23:33:00,92288787958,不吃肥肉,提前关注=额外100宵夜,[等级11],[粉丝团 Lv10]
23:33:00,98986034437,默,提前关注=额外100宵夜,[等级9],[粉丝团 Lv3]
23:33:00,1350636567265374,湘N👉包子,提前关注=额外100宵夜,[等级19],[粉丝团 Lv2]
23:33:01,915261173802381,蓝颜,提前关注=额外100宵夜,[等级6],
23:33:01,100487123562,周丶先生,提前关注=额外100宵夜,[等级17],[粉丝团 Lv11]
23:33:01,108645216581,肥🐟不肥,提前关注=额外100宵夜,[等级10],[粉丝团 Lv10]
23:33:01,1794036571574637,风之羽,提前关注=额外100宵夜,[等级14],[粉丝团 Lv11]
23:33:01,93166387491,雨陈墨客,提前关注=额外100宵夜,[等级5],[粉丝团 Lv5]
23:33:03,107892012587,叁柒壹拾,提前关注=额外100宵夜,[等级20],[粉丝团 Lv10]
23:33:03,77504376278,渔乐,提前关注=额外100宵夜,[等级21],[粉丝团 Lv7]
23:33:03,3227760365153981,飞宝想乐，乐宝想飞,提前关注=额外100宵夜,[等级22],[粉丝团 Lv12]
23:33:03,99148487804,一点点🤏🏻,提前关注=额外100宵夜,[等级15],[粉丝团 Lv8]
23:33:03,64520383661,峰仔,提前关注=额外100宵夜,[等级15],[粉丝团 Lv5]
23:33:03,98188124471,不再打扰,提前关注=额外100宵夜,[等级19],
23:33:04,98732410346,熟悉陌路,提前关注=额外100宵夜,[等级24],[粉丝团 Lv11]
23:33:04,2963906850993448,莦儿,提前关注=额外100宵夜,[等级21],[粉丝团 Lv10]
23:33:04,94161696152,V夏梦,提前关注=额外100宵夜,[等级15],[粉丝团 Lv11]
23:33:04,514208836885019,幕寒1,提前关注=额外100宵夜,[等级2],
23:33:04,104742564014,无思悔改,提前关注=额外100宵夜,[等级30],
23:33:05,1702496513309692,慵懒吉他手,提前关注=额外100宵夜,[等级12],[粉丝团 Lv9]
23:33:05,87065319940,when,提前关注=额外100宵夜,[等级12],[粉丝团 Lv10]
23:33:05,61485803368,ᥫᩣฅ⭐,提前关注=额外100宵夜,[等级3],[粉丝团 Lv5]
23:33:05,97043739320,方糊,提前关注=额外100宵夜,[等级13],[粉丝团 Lv8]
23:33:05,200580296878250,ο▬▬▬◙▅▅▆▆▆▆◤千,提前关注=额外100宵夜,[等级6],[粉丝团 Lv10]
23:33:05,72876745754,臻丿开始,提前关注=额外100宵夜,[等级29],[粉丝团 Lv15]
23:33:05,61959589395,一笑风云过,提前关注=额外100宵夜,[等级15],[粉丝团 Lv9]
23:33:05,103659060536,苍天饶过谁,提前关注=额外100宵夜,[等级20],[粉丝团 Lv10]
23:33:05,108068068849,三道崖,提前关注=额外100宵夜,[等级37],[粉丝团 Lv10]
23:33:05,110372981423,。W,提前关注=额外100宵夜,[等级15],[粉丝团 Lv10]
23:33:05,109187684993,か孤牧栀笙℡,提前关注=额外100宵夜,[等级3],[粉丝团 Lv7]
23:33:06,69969065189,念雪,提前关注=额外100宵夜,[等级11],[粉丝团 Lv10]
23:33:07,7582633573221811257,生椰不拿铁,提前关注=额外100宵夜,[等级7],[粉丝团 Lv9]
23:33:07,72294907126,｛覃师傅开挖机！只开辣挖机｝,提前关注=额外100宵夜,[等级16],[粉丝团 Lv9]
23:33:07,399811228992427,Pace·Grit,提前关注=额外100宵夜,[等级14],
23:33:07,104608816115,小宝贝88288,提前关注=额外100宵夜,[等级14],[粉丝团 Lv11]
23:33:07,99401269420,弹（tan）壳（qiao）,提前关注=额外100宵夜,[等级12],[粉丝团 Lv3]
23:33:07,59345768950,曼巴,提前关注=额外100宵夜,[等级32],
23:33:07,3667569980218363,VIP兔子,提前关注=额外100宵夜,,
23:33:08,72813485275,皮皮皮,提前关注=额外100宵夜,[等级20],[粉丝团 Lv15]
23:33:08,2172249680911319,张小妮,提前关注=额外100宵夜,[等级14],[粉丝团 Lv10]
23:33:08,3125249488982203,Liiiiiiii,提前关注=额外100宵夜,[等级13],
23:33:08,7509844114599461946,北慕,提前关注=额外100宵夜,[等级14],
23:33:09,94162023494,盖七七,提前关注=额外100宵夜,[等级18],[粉丝团 Lv10]
23:33:09,110167610003,益達有點甜,提前关注=额外100宵夜,[等级7],
23:33:09,61828819373,苏歌su ~,提前关注=额外100宵夜,[等级7],
23:33:09,87043417510,雅霏ᥫᥫᩣ⁶¹⁵,提前关注=额外100宵夜,[等级30],[粉丝团 Lv10]
23:33:09,91676880914,红利哥(互),提前关注=额外100宵夜,[等级20],[粉丝团 Lv8]
23:33:09,100781469216388,微笑，只是一个表情,提前关注=额外100宵夜,,
23:33:09,102434549839,番茄🍅酱,提前关注=额外100宵夜,[等级12],[粉丝团 Lv4]
23:33:10,84630198527,懵懂少年,提前关注=额外100宵夜,[等级19],[粉丝团 Lv11]
23:33:10,710724864472762,木空,提前关注=额外100宵夜,[等级16],[粉丝团 Lv13]
23:33:10,63348225490,黑白,提前关注=额外100宵夜,[等级15],[粉丝团 Lv8]
23:33:10,82402129036,轻奢卫浴岩哥,提前关注=额外100宵夜,[等级9],[粉丝团 Lv3]
23:33:10,75122519396,流萤.,提前关注=额外100宵夜,[等级9],[粉丝团 Lv5]
23:33:10,1873187676099191,用户,提前关注=额外100宵夜,[等级5],[粉丝团 Lv4]
23:33:11,2000746166893660,该吃吃该喝喝,提前关注=额外100宵夜,[等级6],[粉丝团 Lv10]
23:33:11,90592501830147,末尾,提前关注=额外100宵夜,[等级12],[粉丝团 Lv1]
23:33:11,78166312683,诠释格调,提前关注=额外100宵夜,[等级10],[粉丝团 Lv5]
23:33:11,1534571229480339,wjx,提前关注=额外100宵夜,[等级8],[粉丝团 Lv5]
23:33:11,1294584247763104,抖一抖,提前关注=额外100宵夜,[等级2],[粉丝团 Lv4]
23:33:11,588952883444173,绿色的驴,提前关注=额外100宵夜,[等级9],[粉丝团 Lv6]
23:33:11,82859930169,别来沾边,提前关注=额外100宵夜,[等级22],[粉丝团 Lv2]
23:33:11,109888385412,以后以后,提前关注=额外100宵夜,[等级12],[粉丝团 Lv12]
23:33:12,98205344754,蟹某人,提前关注=额外100宵夜,[等级13],[粉丝团 Lv9]
23:33:12,629381031018292,香蕉村的恋爱,提前关注=额外100宵夜,[等级13],
23:33:12,3685212012945853,不是曲中人,提前关注=额外100宵夜,[等级11],
23:33:12,105443299659,相忘༒江湖,提前关注=额外100宵夜,[等级30],[粉丝团 Lv10]
23:33:13,68195616985,向钱看88888888,提前关注=额外100宵夜,[等级7],
23:33:14,84887102997,青木,提前关注=额外100宵夜,[等级24],[粉丝团 Lv2]
23:33:14,100011194781,RR～,提前关注=额外100宵夜,[等级17],[粉丝团 Lv9]
23:33:14,108338453197,。。。。,提前关注=额外100宵夜,[等级22],[粉丝团 Lv11]
23:33:14,95140797808,绿豆沙,提前关注=额外100宵夜,[等级23],[粉丝团 Lv12]
23:33:14,3394894749776055,千红〆,提前关注=额外100宵夜,[等级13],[粉丝团 Lv3]
23:33:14,4503688093516652,马老六,提前关注=额外100宵夜,,
23:33:14,540577751643131,蘸酱菜,提前关注=额外100宵夜,[等级20],
23:33:14,61193280900,风禾尽起,提前关注=额外100宵夜,[等级20],[粉丝团 Lv8]
23:33:14,7568314276580262961,㿝氼lxa,提前关注=额外100宵夜,[等级4],[粉丝团 Lv5]
23:33:14,1156310107166040,灯塔上的雾,提前关注=额外100宵夜,[等级14],[粉丝团 Lv9]
23:33:14,2192845238175603,小陳,提前关注=额外100宵夜,[等级10],[粉丝团 Lv7]
23:33:14,57017996388,要你命3千,提前关注=额外100宵夜,[等级36],[粉丝团 Lv14]
23:33:14,70265310236,那年已是过去,提前关注=额外100宵夜,[等级23],[粉丝团 Lv8]
23:33:14,61225125818,发困困困媛.,提前关注=额外100宵夜,[等级8],[粉丝团 Lv10]
23:33:15,62827726948,唐伯虎点蚊香🦟,提前关注=额外100宵夜,[等级8],[粉丝团 Lv7]
23:33:16,1534556075995783,阿 王,提前关注=额外100宵夜,[等级27],[粉丝团 Lv11]
23:33:16,72868345673,再睡亿分钟,提前关注=额外100宵夜,[等级2],[粉丝团 Lv6]
23:33:16,140361969439688,普通人。,提前关注=额外100宵夜,[等级8],[粉丝团 Lv2]
23:33:16,2620829104093415,我的1979,提前关注=额外100宵夜,[等级8],[粉丝团 Lv2]
23:33:16,3560699677127923,喻,提前关注=额外100宵夜,[等级6],[粉丝团 Lv10]
23:33:16,96389853241,诗和远方#,提前关注=额外100宵夜,[等级33],[粉丝团 Lv11]
23:33:16,57175875069,大贝勒爷,提前关注=额外100宵夜,[等级36],[粉丝团 Lv5]
23:33:16,3940248737555336,等。,提前关注=额外100宵夜,[等级17],[粉丝团 Lv10]
23:33:16,94150271061,许诺啦,提前关注=额外100宵夜,[等级14],[粉丝团 Lv10]
23:33:16,93136384162,☔️哎呀,提前关注=额外100宵夜,[等级18],[粉丝团 Lv4]
23:33:16,81933913183,邓颖庆,提前关注=额外100宵夜,[等级21],[粉丝团 Lv11]
23:33:16,1297042480573323,用户8097514673060,提前关注=额外100宵夜,[等级1],[粉丝团 Lv1]
23:33:16,245900020026781,💋x   g💋,提前关注=额外100宵夜,[等级5],
23:33:16,3114248789304856,五月18号,提前关注=额外100宵夜,[等级8],[粉丝团 Lv6]
23:33:18,276726265161149,白衣老师,提前关注=额外100宵夜,[等级8],
23:33:18,67766518652,师∞兄,提前关注=额外100宵夜,[等级12],[粉丝团 Lv7]
23:33:18,2692052732624221,🌈前言,提前关注=额外100宵夜,[等级15],[粉丝团 Lv8]
23:33:18,98686339497,长安 故里,提前关注=额外100宵夜,[等级17],
23:33:18,111007378581,姣姣1V3,提前关注=额外100宵夜,[等级14],[粉丝团 Lv2]
23:33:18,111217116338,烟心,提前关注=额外100宵夜,[等级8],[粉丝团 Lv6]
23:33:18,881181140459083,酒寂,提前关注=额外100宵夜,[等级15],[粉丝团 Lv2]
23:33:18,1772049760790196,"LX""",提前关注=额外100宵夜,[等级8],[粉丝团 Lv9]
23:33:18,96619454532,一生只为你,提前关注=额外100宵夜,[等级12],[粉丝团 Lv5]
23:33:19,60438210271,—然後呢🫧,提前关注=额外100宵夜,[等级9],[粉丝团 Lv11]
23:33:20,71940862790,I Lᵒᵛᵉᵧₒᵤ❤,提前关注=额外100宵夜,[等级1],
23:33:20,52736554832,Coke🥤,提前关注=额外100宵夜,[等级10],[粉丝团 Lv2]
23:33:20,54403167120,强强,提前关注=额外100宵夜,[等级35],[粉丝团 Lv10]
23:33:20,104642020827,祁୧⍤⃝🏸,提前关注=额外100宵夜,[等级25],[粉丝团 Lv3]
23:33:20,1559531891993565,柠檬加醋,提前关注=额外100宵夜,[等级6],[粉丝团 Lv4]
23:33:20,62041331094,豆沙沙豆沙,提前关注=额外100宵夜,[等级16],[粉丝团 Lv3]
23:33:20,1388020246779244,黑子,提前关注=额外100宵夜,[等级12],[粉丝团 Lv7]
23:33:21,109729912238,一意孤行,提前关注=额外100宵夜,[等级20],[粉丝团 Lv3]
23:33:22,96654996045,₍₍Ϡ(੭•̀ω•́)੭✧⃛,提前关注=额外100宵夜,[等级8],[粉丝团 Lv10]
23:33:22,773699209012600,沉默丿已自然,提前关注=额外100宵夜,[等级25],[粉丝团 Lv10]
23:33:22,7573176076777456689,.。,提前关注=额外100宵夜,,
23:33:22,70261938472,xbcmz,提前关注=额外100宵夜,[等级5],[粉丝团 Lv4]
23:33:22,108063242673,Ruen说,提前关注=额外100宵夜,[等级4],[粉丝团 Lv1]
23:33:22,3821535916722452,☆恋♥你☆,提前关注=额外100宵夜,,
23:33:23,3781924083475728,我爱吃鱼,提前关注=额外100宵夜,[等级11],[粉丝团 Lv4]
23:33:24,3171450764663524,✈️飞过天空,提前关注=额外100宵夜,[等级12],
23:33:24,97636618945,道友请留步,提前关注=额外100宵夜,[等级6],[粉丝团 Lv3]
23:33:25,1957584062385011,AA、💋,提前关注=额外100宵夜,[等级9],[粉丝团 Lv10]
23:33:25,3742362149063315,当海水变甜的时候,提前关注=额外100宵夜,[等级21],[粉丝团 Lv11]
23:33:26,3469677066982875,A-九零后接发.烫.染～泡沫,提前关注=额外100宵夜,[等级32],
23:33:26,94958299097,一周不上课,提前关注=额外100宵夜,[等级7],[粉丝团 Lv6]
23:33:26,2884772227983111,阿旭,提前关注=额外100宵夜,[等级8],[粉丝团 Lv6]
23:33:26,3817138195536375,谁家烀苞米呢？,提前关注=额外100宵夜,[等级6],
23:33:26,98211015545,金浅浅～,提前关注=额外100宵夜,[等级14],[粉丝团 Lv12]
23:33:26,106233306293,祥子,提前关注=额外100宵夜,[等级16],[粉丝团 Lv11]
23:33:26,88305394780,WYQ °！,提前关注=额外100宵夜,[等级6],[粉丝团 Lv9]
23:33:26,2489773479715629,牧野,提前关注=额外100宵夜,[等级10],[粉丝团 Lv10]
23:33:26,110263269052,所有人。,提前关注=额外100宵夜,[等级14],[粉丝团 Lv6]
23:33:26,105286428059,西昌同城安装灯具开关插座与维修,提前关注=额外100宵夜,[等级14],
23:33:27,97550654477,上善若水,提前关注=额外100宵夜,,
23:33:27,110900259987,喧嚣中平静,提前关注=额外100宵夜,[等级13],[粉丝团 Lv11]
23:33:28,94580848918,路先生⁰⁹⁰⁹,提前关注=额外100宵夜,[等级10],[粉丝团 Lv4]
23:33:28,60806748798,王蓉～小柠檬麻麻,提前关注=额外100宵夜,[等级12],[粉丝团 Lv10]
23:33:28,380869990956723,屿飌,提前关注=额外100宵夜,[等级11],[粉丝团 Lv10]
23:33:28,111613036095,川北狼,提前关注=额外100宵夜,[等级22],[粉丝团 Lv7]
23:33:28,51260160070,庞、尛海,提前关注=额外100宵夜,[等级15],[粉丝团 Lv5]
23:33:28,88951502580,🚬..释怀ღ...༻,提前关注=额外100宵夜,[等级7],[粉丝团 Lv2]
23:33:28,2414986655176206,优雅的洋芋公主,提前关注=额外100宵夜,[等级20],[粉丝团 Lv9]
23:33:28,71371980480,严肃黑猫ᶻʸ,提前关注=额外100宵夜,[等级18],[粉丝团 Lv15]
23:33:28,2106285163560839,Mr. Li,提前关注=额外100宵夜,[等级34],[粉丝团 Lv15]
23:33:29,4410870285220780,🌈🌜,提前关注=额外100宵夜,[等级11],
23:33:29,1183528739410910,Valiant,提前关注=额外100宵夜,[等级12],[粉丝团 Lv9]
23:33:31,333868362372663,皆浮云,提前关注=额外100宵夜,[等级8],[粉丝团 Lv9]
23:33:31,111205835280,戏幕落，谁是客,提前关注=额外100宵夜,[等级40],[粉丝团 Lv13]
23:33:32,106788774269,一生无悔,提前关注=额外100宵夜,[等级24],[粉丝团 Lv2]
23:33:32,1511145435040172,翡,提前关注=额外100宵夜,[等级3],
23:33:33,2893508613519245,见鬼了我qu,提前关注=额外100宵夜,[等级23],
23:33:35,100794931609703,CH EN,提前关注=额外100宵夜,[等级11],[粉丝团 Lv11]
23:33:36,72098975036,Seremy,提前关注=额外100宵夜,[等级4],[粉丝团 Lv5]
23:33:36,2190706767562894,楓୧⍤⃝🌊⃛𒅌꙳,提前关注=额外100宵夜,[等级18],[粉丝团 Lv13]
23:33:36,103226613499,雷小赵（见过两次雷子版）,提前关注=额外100宵夜,[等级5],[粉丝团 Lv5]
23:33:36,892452276536252,Jiajiabin,提前关注=额外100宵夜,[等级10],[粉丝团 Lv11]
23:33:37,65040983244,Starshine,提前关注=额外100宵夜,[等级18],
23:33:37,4055460978110365,螺丝刀,提前关注=额外100宵夜,[等级15],[粉丝团 Lv9]
23:33:37,2959541325269512,财,提前关注=额外100宵夜,[等级23],[粉丝团 Lv11]
23:33:37,61339530604,康康硬派越野,提前关注=额外100宵夜,[等级25],[粉丝团 Lv8]
23:33:38,2496363454533994,是小新啊,提前关注=额外100宵夜,[等级2],[粉丝团 Lv5]
23:33:38,116989357206187,谁也找不到我,提前关注=额外100宵夜,[等级7],[粉丝团 Lv4]
23:33:38,52360796046,感谢有你,提前关注=额外100宵夜,[等级20],
23:33:38,62733692296,選擇,提前关注=额外100宵夜,[等级35],[粉丝团 Lv10]
23:33:38,3825890096843543,藤藤菜,提前关注=额外100宵夜,[等级9],[粉丝团 Lv10]
23:33:38,75738830007,✨藏起来的星光,提前关注=额外100宵夜,[等级22],[粉丝团 Lv10]
23:33:38,59265730000,小瑜不吃🐟,提前关注=额外100宵夜,[等级9],[粉丝团 Lv6]
23:33:38,110631955568,Amber,提前关注=额外100宵夜,[等级10],[粉丝团 Lv9]
23:33:39,1085911105287972,青妤,提前关注=额外100宵夜,[等级8],[粉丝团 Lv4]
23:33:39,4354517966533859,余生请多指教,提前关注=额外100宵夜,[等级8],
23:33:39,93175301611,咖啡不加糖,提前关注=额外100宵夜,[等级3],[粉丝团 Lv6]
23:33:39,88036376608,感恩的❤️,提前关注=额外100宵夜,[等级15],[粉丝团 Lv10]
23:33:39,421867844025870,王永光,提前关注=额外100宵夜,[等级15],[粉丝团 Lv10]
23:33:40,487778914403469,往事如梦,提前关注=额外100宵夜,[等级2],
23:33:40,3844328141621256,✨刘杨⭐️,提前关注=额外100宵夜,[等级16],[粉丝团 Lv6]
23:33:40,103886518792,@念,提前关注=额外100宵夜,[等级2],
23:33:40,109044551886,🌈一世浮华じ,提前关注=额外100宵夜,[等级15],[粉丝团 Lv9]
23:33:40,153586501947063,夏初.念安,提前关注=额外100宵夜,[等级16],
23:33:40,2544694299993427,浅浅.,提前关注=额外100宵夜,[等级16],[粉丝团 Lv4]
23:33:40,62095649039,幸运女孩,提前关注=额外100宵夜,[等级9],[粉丝团 Lv9]
23:33:40,4503665596667624,🐅¹⁹₈₆徐℘࿐,提前关注=额外100宵夜,[等级5],[粉丝团 Lv3]
23:33:40,101764528152,C,提前关注=额外100宵夜,[等级14],[粉丝团 Lv11]
23:33:41,4068630466400605,想入飞飞,提前关注=额外100宵夜,[等级7],[粉丝团 Lv11]
23:33:41,624155709947277,可二,提前关注=额外100宵夜,[等级27],[粉丝团 Lv9]
23:33:41,52896019817,💕𝐑𝐗𝑾。,提前关注=额外100宵夜,[等级28],[粉丝团 Lv6]
23:33:41,1811588536875735,航航业业,提前关注=额外100宵夜,[等级7],[粉丝团 Lv8]
23:33:41,4303920666516099,名师优质公开课,提前关注=额外100宵夜,[等级7],[粉丝团 Lv7]
23:33:42,95087068838,伊菱YiLin,提前关注=额外100宵夜,[等级6],[粉丝团 Lv4]
23:33:42,1179126896795928,一顿八碗米饭,提前关注=额外100宵夜,[等级13],
23:33:42,92911204260,日行一善积大德，日行两善积积大大德,提前关注=额外100宵夜,[等级19],[粉丝团 Lv6]
23:33:42,203872651969116,掌上生活,提前关注=额外100宵夜,[等级4],[粉丝团 Lv5]
23:33:42,4253365982996723,稀,提前关注=额外100宵夜,[等级3],
23:33:42,7562479596042585147,用户2844939675892,提前关注=额外100宵夜,[等级11],[粉丝团 Lv4]
23:33:43,99187365551,晚夜,提前关注=额外100宵夜,[等级10],[粉丝团 Lv4]
23:33:43,72300399287,吴世勋吴世勋吴世勋,提前关注=额外100宵夜,[等级5],[粉丝团 Lv8]
23:33:43,101136832984,啊任,提前关注=额外100宵夜,[等级22],[粉丝团 Lv5]
23:33:43,51207481613,东方麦加城,提前关注=额外100宵夜,[等级20],[粉丝团 Lv3]
23:33:43,99107288784,黑桃·King,提前关注=额外100宵夜,[等级23],
23:33:44,111464739454,..,提前关注=额外100宵夜,[等级2],[粉丝团 Lv4]
23:33:44,78277021010,子陌,提前关注=额外100宵夜,[等级24],[粉丝团 Lv9]
23:33:44,96823817359,懂你、疼你,提前关注=额外100宵夜,[等级2],
23:33:44,549398439010092,求醉,提前关注=额外100宵夜,[等级24],[粉丝团 Lv11]
23:33:44,95720180999,润,提前关注=额外100宵夜,[等级9],
23:33:44,4059043980652221,初夏～夜微凉,提前关注=额外100宵夜,[等级8],[粉丝团 Lv10]
23:33:44,73759411565,EvT9,提前关注=额外100宵夜,[等级7],[粉丝团 Lv2]
23:33:44,82475360736,🌈鱼,提前关注=额外100宵夜,[等级33],[粉丝团 Lv6]
23:33:44,1292613622174717,🌈温故🌈,提前关注=额外100宵夜,[等级29],[粉丝团 Lv6]
23:33:44,892452276536252,Jiajiabin,提前关注=额外100宵夜,[等级10],[粉丝团 Lv11]
23:33:45,95486852892,卍卍卍地球加固,提前关注=额外100宵夜,[等级9],[粉丝团 Lv6]
23:33:45,3614847533327463,Ö椰.,提前关注=额外100宵夜,[等级9],[粉丝团 Lv10]
23:33:45,98923920401,如烟似景,提前关注=额外100宵夜,[等级4],[粉丝团 Lv1]
23:33:45,298661018863704,遥小贱.,提前关注=额外100宵夜,[等级43],[粉丝团 Lv9]
23:33:45,110846721963,星期六的早晨,提前关注=额外100宵夜,[等级15],[粉丝团 Lv3]
23:33:45,2598900609334804,🌈G z,提前关注=额外100宵夜,[等级14],
23:33:46,96410214064,秋水,提前关注=额外100宵夜,[等级5],[粉丝团 Lv9]
23:33:46,3267341314697016,云海不是海,提前关注=额外100宵夜,[等级2],
23:33:46,61662520245,不喜欢阴天,提前关注=额外100宵夜,[等级3],
23:33:46,110668064150,小魏,提前关注=额外100宵夜,[等级14],[粉丝团 Lv8]
23:33:46,94210146276,🫥🫥,提前关注=额外100宵夜,[等级3],
23:33:46,97454872036,陈异常,提前关注=额外100宵夜,[等级24],
23:33:46,81444480964,Q-大神,提前关注=额外100宵夜,[等级13],[粉丝团 Lv2]
23:33:47,64197226920,✨蔻楠丶,提前关注=额外100宵夜,[等级19],[粉丝团 Lv9]
23:33:47,7504145527685055548,小蛋糕,提前关注=额外100宵夜,[等级1],
23:33:47,2612853756924200,Relinquish,提前关注=额外100宵夜,[等级18],[粉丝团 Lv11]
23:33:47,3372900537869883,是圆圆🦋,提前关注=额外100宵夜,[等级13],[粉丝团 Lv1]
23:33:47,312727909972199,嗨起来,提前关注=额外100宵夜,,
23:33:47,73747368104,LYH.,提前关注=额外100宵夜,[等级6],[粉丝团 Lv4]
23:33:47,3281360945415927,zzzzzzz,提前关注=额外100宵夜,[等级16],[粉丝团 Lv6]
23:33:47,95518562102,🌈☜,提前关注=额外100宵夜,[等级14],[粉丝团 Lv6]
23:33:48,72996144178,淡淡幸福,提前关注=额外100宵夜,[等级32],[粉丝团 Lv7]
23:33:48,102984950872,海蛎子,提前关注=额外100宵夜,[等级7],
23:33:48,61361525700,张不惑,提前关注=额外100宵夜,[等级25],[粉丝团 Lv11]
23:33:50,65519291571,insist,提前关注=额外100宵夜,[等级6],[粉丝团 Lv2]
23:33:50,60553060786,凡尘の大大,提前关注=额外100宵夜,[等级11],[粉丝团 Lv9]
23:33:50,68002259190,陳小尘,提前关注=额外100宵夜,[等级35],[粉丝团 Lv7]
23:33:50,61495471053,.K,提前关注=额外100宵夜,[等级13],[粉丝团 Lv4]
23:33:50,1313284358672692,广联达建模（王）,提前关注=额外100宵夜,[等级16],[粉丝团 Lv5]
23:33:50,50077345977,盖被冻肚皮_,提前关注=额外100宵夜,[等级16],[粉丝团 Lv12]
23:33:50,97616761677,胜天半子,提前关注=额外100宵夜,[等级15],
23:33:50,7465029989924209724,7,提前关注=额外100宵夜,[等级9],[粉丝团 Lv2]
23:33:51,92460650653,悯诉,提前关注=额外100宵夜,[等级13],[粉丝团 Lv11]
23:33:51,4310505657220152,Yu,提前关注=额外100宵夜,[等级21],[粉丝团 Lv9]
23:33:51,409472675350531,沉凡,提前关注=额外100宵夜,[等级20],[粉丝团 Lv5]
23:33:52,111343898798,安然1025,提前关注=额外100宵夜,,
23:33:52,4277539570204411,叼烟pk不掉灰,提前关注=额外100宵夜,[等级30],[粉丝团 Lv11]
23:33:52,92716379616,NiuNai,提前关注=额外100宵夜,[等级14],[粉丝团 Lv11]
23:33:52,92461848227,煜,提前关注=额外100宵夜,[等级13],[粉丝团 Lv11]
23:33:52,103645067763,杰森,提前关注=额外100宵夜,[等级16],[粉丝团 Lv14]
23:33:52,1906967174984656,琪不奇怪,提前关注=额外100宵夜,[等级10],[粉丝团 Lv9]
23:33:52,4468019314299950,🌈搵人耱客,提前关注=额外100宵夜,[等级21],[粉丝团 Lv10]
23:33:52,102650002274,ri  luo,提前关注=额外100宵夜,[等级10],[粉丝团 Lv8]
23:33:52,3443274648134908,昵称已重置,提前关注=额外100宵夜,[等级5],
23:33:52,94559224712,橙橙,提前关注=额外100宵夜,[等级25],[粉丝团 Lv6]
23:33:52,2524076475430765,亲歌,提前关注=额外100宵夜,[等级13],[粉丝团 Lv11]
23:33:53,4261350998279325,坐在坟头调戏鬼👻⁵¹⁰⁷⁴,提前关注=额外100宵夜,[等级16],[粉丝团 Lv13]
23:33:53,71074166083,乔巴,提前关注=额外100宵夜,[等级34],[粉丝团 Lv11]
23:33:53,2203873912568584,艮,提前关注=额外100宵夜,[等级9],[粉丝团 Lv10]
23:33:53,3693981817118541,1211,提前关注=额外100宵夜,[等级12],[粉丝团 Lv2]
23:33:53,51279617507,LQG,提前关注=额外100宵夜,[等级12],[粉丝团 Lv10]
23:33:54,96699956250,小鱼同学,提前关注=额外100宵夜,[等级14],[粉丝团 Lv12]
23:33:54,103712933265,૮₍♡♡₎ა,提前关注=额外100宵夜,[等级19],[粉丝团 Lv10]
23:33:54,1490567349142094,胡子,提前关注=额外100宵夜,[等级7],
23:33:55,97753183857,Ya,提前关注=额外100宵夜,[等级9],
23:33:56,50656600809,记得笑 .,提前关注=额外100宵夜,[等级6],[粉丝团 Lv8]
23:33:56,105294864799,未来可期::,提前关注=额外100宵夜,[等级7],[粉丝团 Lv9]
23:33:56,104250449359,@一切皆有可能@,提前关注=额外100宵夜,[等级7],[粉丝团 Lv10]
23:33:56,103666906861,苗苗🐈,提前关注=额外100宵夜,[等级24],[粉丝团 Lv10]
23:33:56,7605530311758300197,丑怪,提前关注=额外100宵夜,[等级5],
23:33:56,95040563459,落子无悔,提前关注=额外100宵夜,[等级13],[粉丝团 Lv5]
23:33:56,95944616389,一杯清水,提前关注=额外100宵夜,[等级19],[粉丝团 Lv2]
23:33:56,21753682912,·Seven·,提前关注=额外100宵夜,[等级15],[粉丝团 Lv10]
23:33:56,85256329298,旺财和它的铲屎官,提前关注=额外100宵夜,[等级4],[粉丝团 Lv6]
23:33:57,1947926994888779,问道，,提前关注=额外100宵夜,[等级14],[粉丝团 Lv10]
23:33:57,62454014152,岚悦小生,提前关注=额外100宵夜,[等级16],[粉丝团 Lv9]
23:33:57,1623305463539852,💞起点💞🇨🇳,提前关注=额外100宵夜,[等级29],[粉丝团 Lv2]
23:33:57,64128077743,鹿鹿呀。,提前关注=额外100宵夜,[等级11],[粉丝团 Lv8]
23:33:57,8785831505,手机用户8785831505,提前关注=额外100宵夜,[等级15],[粉丝团 Lv13]
23:33:57,63382205477,Morii（森井）,提前关注=额外100宵夜,[等级19],[粉丝团 Lv13]
23:33:57,1838028065611544,小冷冷,提前关注=额外100宵夜,[等级10],[粉丝团 Lv2]
23:33:57,99085959044,亣不了,提前关注=额外100宵夜,[等级14],[粉丝团 Lv9]
23:33:58,3283581056582812,過後,提前关注=额外100宵夜,[等级4],[粉丝团 Lv5]
23:33:58,98100126356,。ㅤ,提前关注=额外100宵夜,[等级5],
23:33:58,107717655263,熊先生,提前关注=额外100宵夜,[等级20],[粉丝团 Lv11]
23:33:58,1180196153859355,偷吃三个月亮,提前关注=额外100宵夜,[等级4],[粉丝团 Lv5]
23:33:58,67417969334,给梦中情房添家具⁵¹⁰⁷⁴（改名无效版）,提前关注=额外100宵夜,[等级37],[粉丝团 Lv17]
23:33:58,73925689617,家电清洗家具维修,提前关注=额外100宵夜,[等级20],[粉丝团 Lv3]
23:33:59,3426512237764288,布丁,提前关注=额外100宵夜,[等级13],[粉丝团 Lv3]
23:33:59,4385284366281144,鈊潋,提前关注=额外100宵夜,[等级7],
23:33:59,105614299326,潵z悾尐誋憶,提前关注=额外100宵夜,[等级15],[粉丝团 Lv11]
23:33:59,1656308345082463,容我,提前关注=额外100宵夜,[等级26],
23:34:00,102079443967,旺仔牛奶有点甜,提前关注=额外100宵夜,[等级16],
23:34:00,967177112389725,gir7707,提前关注=额外100宵夜,,
23:34:00,1537549706725450,@.c,提前关注=额外100宵夜,[等级3],[粉丝团 Lv2]
23:34:00,4376517317765123,难舍ya,提前关注=额外100宵夜,[等级17],
23:34:00,81024583883,路亚罗马哥🎣 「BASSBRO」,提前关注=额外100宵夜,[等级24],[粉丝团 Lv10]
23:34:00,2066715339664559,亦亿,提前关注=额外100宵夜,[等级9],[粉丝团 Lv11]
23:34:00,95238853235,执念、,提前关注=额外100宵夜,[等级26],[粉丝团 Lv12]
23:34:00,83808987258,PaopAO,提前关注=额外100宵夜,[等级10],[粉丝团 Lv3]
23:34:00,60825757214,玖月,提前关注=额外100宵夜,[等级16],[粉丝团 Lv11]
23:34:00,676897363594413,我看不见,提前关注=额外100宵夜,[等级10],[粉丝团 Lv2]
23:34:01,96408039203,昱恒,提前关注=额外100宵夜,[等级20],[粉丝团 Lv8]
23:34:01,7503610822242845754,75C,提前关注=额外100宵夜,,
23:34:01,2353403465832910,兰,提前关注=额外100宵夜,[等级21],[粉丝团 Lv2]
23:34:01,1029556910162503,知了徐·,提前关注=额外100宵夜,[等级7],[粉丝团 Lv6]
23:34:01,109110487589,M💞,提前关注=额外100宵夜,[等级4],
23:34:01,7610746106725368881,温柔又怎样,提前关注=额外100宵夜,[等级13],[粉丝团 Lv1]
23:34:01,105622673029,王先生,提前关注=额外100宵夜,[等级12],[粉丝团 Lv12]
23:34:01,83724067872,草莓啵啵^,提前关注=额外100宵夜,[等级12],[粉丝团 Lv11]
23:34:02,2436116588006509,森林从不缺林先生,提前关注=额外100宵夜,,
23:34:02,2889160193740216,雨,提前关注=额外100宵夜,[等级9],
23:34:02,2827572863043172,修心࿐゜|,提前关注=额外100宵夜,[等级16],[粉丝团 Lv2]
23:34:02,1786055235735799,大象,提前关注=额外100宵夜,[等级10],[粉丝团 Lv8]
23:34:02,110234053167,是猪比吖～,提前关注=额外100宵夜,[等级9],[粉丝团 Lv8]
23:34:03,61386706224,Yoru(恩师上心 •),提前关注=额外100宵夜,[等级16],
23:34:03,102703001952,鱼仔不打烊🏸,提前关注=额外100宵夜,[等级21],[粉丝团 Lv10]
23:34:03,99209455355,Shuang,提前关注=额外100宵夜,[等级8],[粉丝团 Lv10]
23:34:03,51804503758,9月,提前关注=额外100宵夜,[等级15],[粉丝团 Lv2]
23:34:03,2673624057394344,海带卷,提前关注=额外100宵夜,[等级14],[粉丝团 Lv4]
23:34:03,70455116930,Dear丶追梦人,提前关注=额外100宵夜,[等级22],[粉丝团 Lv1]
23:34:03,106022896650,100℃,提前关注=额外100宵夜,[等级24],
23:34:03,3144199973653627,💭,提前关注=额外100宵夜,[等级8],[粉丝团 Lv3]
23:34:03,151093369902440,杭州报废车回收,提前关注=额外100宵夜,,
23:34:03,2889992768597528,在日落之前.,提前关注=额外100宵夜,[等级3],
23:34:03,104926275744,羲和,提前关注=额外100宵夜,[等级6],[粉丝团 Lv1]
23:34:03,333888466990989,♥信誓旦旦*^_^*,提前关注=额外100宵夜,[等级9],[粉丝团 Lv2]
23:34:03,93129241109,小太阳.,提前关注=额外100宵夜,[等级38],[粉丝团 Lv8]
23:34:03,97159284889,太太$,提前关注=额外100宵夜,[等级16],[粉丝团 Lv9]
23:34:03,103226099774,困困哒,提前关注=额外100宵夜,[等级28],[粉丝团 Lv3]
23:34:05,3222000285781100,🐚是贝壳呀xy,提前关注=额外100宵夜,[等级12],[粉丝团 Lv1]
23:34:05,92772104510,乄杺,提前关注=额外100宵夜,[等级23],[粉丝团 Lv11]
23:34:05,70898698961,發發,提前关注=额外100宵夜,[等级15],[粉丝团 Lv15]
23:34:05,4487579590737339,用户已注销,提前关注=额外100宵夜,[等级2],[粉丝团 Lv4]
23:34:05,65566427320547,……清空,提前关注=额外100宵夜,[等级24],[粉丝团 Lv9]
23:34:05,72929453378,小师很暖😏,提前关注=额外100宵夜,[等级12],[粉丝团 Lv8]
23:34:05,103212566711,公子請發財,提前关注=额外100宵夜,[等级9],
23:34:05,70168143580,好好学习吧,提前关注=额外100宵夜,[等级13],[粉丝团 Lv1]
23:34:05,94895765540,别别别,提前关注=额外100宵夜,[等级12],[粉丝团 Lv3]
23:34:05,93255279003,星陨,提前关注=额外100宵夜,[等级4],
23:34:05,2849528259281454,是瑜瑜🐸,提前关注=额外100宵夜,[等级13],[粉丝团 Lv12]
23:34:05,3888326571720971,望远山,提前关注=额外100宵夜,[等级1],[粉丝团 Lv1]
23:34:05,92996382151,P/Z锋,提前关注=额外100宵夜,[等级29],[粉丝团 Lv10]
23:34:05,78049030535,奶茶。,提前关注=额外100宵夜,[等级8],
23:34:06,93110175756,所念皆所愿,提前关注=额外100宵夜,[等级5],[粉丝团 Lv5]
23:34:06,3808358958378208,)o元元特圆o(,提前关注=额外100宵夜,[等级8],[粉丝团 Lv2]
23:34:07,106758670664,哥，有Fan＇,提前关注=额外100宵夜,[等级14],[粉丝团 Lv3]
23:34:07,87591224702,zzx,提前关注=额外100宵夜,[等级16],[粉丝团 Lv9]
23:34:07,100177234872,高彦杰,提前关注=额外100宵夜,[等级11],[粉丝团 Lv11]
23:34:07,93049833870,初心,提前关注=额外100宵夜,[等级10],[粉丝团 Lv6]
23:34:07,2535901742503486,Fairy,提前关注=额外100宵夜,[等级2],
23:34:07,3223394603770936,果宝特攻🐰,提前关注=额外100宵夜,[等级3],[粉丝团 Lv2]
23:34:07,932830782428544,肖恩Sean,提前关注=额外100宵夜,[等级14],[粉丝团 Lv5]
23:34:07,63042235738,🌈小布袋熊,提前关注=额外100宵夜,[等级22],[粉丝团 Lv7]
23:34:07,1679682989465453,Zsyqslo,提前关注=额外100宵夜,,
23:34:07,110545983271,今晚打老虎,提前关注=额外100宵夜,[等级11],[粉丝团 Lv3]
23:34:08,106486406379,ල᭄自由࿐随心,提前关注=额外100宵夜,[等级2],
23:34:08,82631243248,睡了吗,提前关注=额外100宵夜,[等级8],[粉丝团 Lv8]
23:34:08,62896098453,丁当驾到,提前关注=额外100宵夜,[等级11],
23:34:09,107985339716,于额不足,提前关注=额外100宵夜,[等级17],[粉丝团 Lv5]
23:34:09,72297346683,Che,提前关注=额外100宵夜,[等级9],
23:34:09,96672671250,月见南山,提前关注=额外100宵夜,[等级20],[粉丝团 Lv11]
23:34:09,654942618785243,清风一杯独自醉,提前关注=额外100宵夜,[等级10],[粉丝团 Lv2]
23:34:09,100501437955,超,提前关注=额外100宵夜,[等级24],[粉丝团 Lv7]
23:34:09,10362559024,波形护栏生产基地,提前关注=额外100宵夜,,
23:34:09,395473707091102,⏰🕰⏱⏲,提前关注=额外100宵夜,[等级20],
23:34:09,87886296496,酱香大饼,提前关注=额外100宵夜,[等级11],
23:34:09,4322874799954859,用户3283453978557,提前关注=额外100宵夜,[等级7],[粉丝团 Lv3]
23:34:09,1638691886862782,兢身高163啊,提前关注=额外100宵夜,[等级6],
23:34:09,101074412540,彪哥,提前关注=额外100宵夜,[等级7],[粉丝团 Lv9]
23:34:09,97408592585,Wdmzstld,提前关注=额外100宵夜,[等级1],
23:34:09,100687323814,ℳ̶̶̶̶♡̶҉平凡ℳᥫ,提前关注=额外100宵夜,[等级24],[粉丝团 Lv10]
23:34:10,67040147601,yXd－№枫,提前关注=额外100宵夜,[等级14],[粉丝团 Lv8]
23:34:10,86236380100,🌟旭🌟,提前关注=额外100宵夜,[等级17],[粉丝团 Lv4]
23:34:11,1930398239035804,十安,提前关注=额外100宵夜,[等级3],
23:34:11,1497956802106446,王红,提前关注=额外100宵夜,,
23:34:11,572214605522024,敲敲滴🤓,提前关注=额外100宵夜,[等级1],
23:34:11,94151099312,Chocolate,提前关注=额外100宵夜,[等级17],
23:34:11,2686857361504835,水晶怪石,提前关注=额外100宵夜,[等级19],
23:34:12,101692944497,-MrZat,提前关注=额外100宵夜,[等级11],
23:34:12,91656567542,A🇨🇳 乐逍遥🇨🇳,提前关注=额外100宵夜,[等级10],
23:34:12,97487042207,职业杀手,提前关注=额外100宵夜,[等级14],
23:34:12,70081925578,知我卓大人,提前关注=额外100宵夜,[等级17],[粉丝团 Lv2]
23:34:12,77402245679,籃熈,提前关注=额外100宵夜,[等级11],
23:34:12,8756172527,我是谁❅谁是我,提前关注=额外100宵夜,[等级14],
23:34:12,54045305244,╭(╯青ε海╰)╮,提前关注=额外100宵夜,[等级16],[粉丝团 Lv8]
23:34:13,1138709790199895,锅锅加油吖,提前关注=额外100宵夜,[等级3],[粉丝团 Lv2]
23:34:13,4396308486422732,用户3680993239705,提前关注=额外100宵夜,,
23:34:13,81978918685,x💫,提前关注=额外100宵夜,[等级9],[粉丝团 Lv1]
23:34:13,2112597085681033,若水三千,提前关注=额外100宵夜,,
23:34:13,1997146909588366,二手叉车全国收售（合力，杭叉）,提前关注=额外100宵夜,[等级25],
23:34:13,97999244754,韩跳跳🎣,提前关注=额外100宵夜,[等级10],[粉丝团 Lv2]
23:34:13,4037021128211811,青崖白鹿,提前关注=额外100宵夜,[等级3],
23:34:14,92829591923,行南思北,提前关注=额外100宵夜,[等级7],
23:34:14,104574184410,Y.Q,提前关注=额外100宵夜,[等级28],[粉丝团 Lv4]
23:34:15,3210164019400141,会飞的猫.,提前关注=额外100宵夜,[等级31],
23:34:15,104579232313,葛富贵,提前关注=额外100宵夜,[等级29],[粉丝团 Lv4]
23:34:15,111248878152,「随心」,提前关注=额外100宵夜,[等级16],
23:34:15,413015244804190,风雨无阻@,提前关注=额外100宵夜,[等级13],[粉丝团 Lv10]
23:34:15,3540886128431735,vcvvcs,提前关注=额外100宵夜,[等级22],
23:34:15,78161520882,我叫MT,提前关注=额外100宵夜,[等级27],[粉丝团 Lv8]
23:34:16,245906050651998,算袅,提前关注=额外100宵夜,[等级13],[粉丝团 Lv12]
23:34:16,104488141468,蓝铮铮铮,提前关注=额外100宵夜,[等级25],[粉丝团 Lv11]
23:34:16,109605170523,夢.與你相見,提前关注=额外100宵夜,[等级35],[粉丝团 Lv5]
23:34:16,59065056866,贰贰的雪儿,提前关注=额外100宵夜,[等级14],[粉丝团 Lv12]
23:34:17,72584430493,🍀徐先生,提前关注=额外100宵夜,[等级3],[粉丝团 Lv2]
23:34:17,3035082445035997,上上签,提前关注=额外100宵夜,,
23:34:17,13942796428,໑ຼₒ໑ຼ₅࿚໌ᮨ້韦๑ᩚ࿐,提前关注=额外100宵夜,[等级3],
23:34:17,3241826153925031,提一盏灯🌝,提前关注=额外100宵夜,[等级3],
23:34:17,4079626152326820,小太阳1418,提前关注=额外100宵夜,[等级22],[粉丝团 Lv3]
23:34:17,1873982542842935,nee,提前关注=额外100宵夜,[等级2],
23:34:17,74306971333,清蒸.,提前关注=额外100宵夜,[等级3],
23:34:17,3217650711533194,张怀川·从容,提前关注=额外100宵夜,,
23:34:17,99510184659,Z·Oct¹⁷-Cap ♡,提前关注=额外100宵夜,[等级19],[粉丝团 Lv10]
23:34:18,3993877494111405,小千大梦,提前关注=额外100宵夜,[等级8],
23:34:19,104971726758,菠萝大王,提前关注=额外100宵夜,[等级21],
23:34:19,97121832978,天山雪豹,提前关注=额外100宵夜,[等级17],[粉丝团 Lv4]
23:34:19,1866316603202500,闻过张君雅脚丫子（鱼干味）,提前关注=额外100宵夜,[等级7],[粉丝团 Lv2]
23:34:19,7607683034636911653,我爱笑的你,提前关注=额外100宵夜,[等级1],
23:34:19,64308751319,贰拾贰,提前关注=额外100宵夜,[等级23],[粉丝团 Lv3]
23:34:19,3307750538357279,独饮清茶醉,提前关注=额外100宵夜,[等级19],[粉丝团 Lv7]
23:34:20,93313154410,柳词,提前关注=额外100宵夜,[等级8],[粉丝团 Lv4]
23:34:20,97725453560,书书不吃香菜,提前关注=额外100宵夜,[等级12],
23:34:20,3778395903894708,不吃香菜,提前关注=额外100宵夜,[等级7],[粉丝团 Lv1]
23:34:20,3562833435700461,ω丑到|ω惊动∗❛ัᴗ❛ั∗全世界,提前关注=额外100宵夜,[等级10],[粉丝团 Lv10]
23:34:20,1060353004801671,𝓢𝓸𝓹 𝓤𝓹,提前关注=额外100宵夜,[等级15],[粉丝团 Lv10]
23:34:21,3345152616178240,用户3496415398436,提前关注=额外100宵夜,[等级1],
23:34:21,72282358906,神奇的小木头,提前关注=额外100宵夜,[等级8],[粉丝团 Lv9]
23:34:21,417429283406536,🥂ಇ᭄只为遇ওᤢ见你꧉ꦿꦶ༂,提前关注=额外100宵夜,[等级18],[粉丝团 Lv10]
23:34:21,2239067080372051,Tear'9.,提前关注=额外100宵夜,[等级2],
23:34:21,98934482151,頭大,提前关注=额外100宵夜,[等级4],[粉丝团 Lv2]
23:34:21,96996619230,顺风顺水！,提前关注=额外100宵夜,[等级11],[粉丝团 Lv11]
23:34:22,2488909341399485,小段（老兵）,提前关注=额外100宵夜,[等级16],
23:34:23,105449029228,ㅤ  ㅤ,提前关注=额外100宵夜,[等级6],[粉丝团 Lv6]
23:34:23,93158909463,魔之火影 คิดถึง,提前关注=额外100宵夜,[等级17],[粉丝团 Lv3]
23:34:23,4239359847184871,呀呀,提前关注=额外100宵夜,[等级7],[粉丝团 Lv1]
23:34:23,2581267631309816,小哥,提前关注=额外100宵夜,[等级34],[粉丝团 Lv10]
23:34:23,60330972069,网友小甜,提前关注=额外100宵夜,[等级12],[粉丝团 Lv9]
23:34:24,97828010793,|▍如果你也听说つ,提前关注=额外100宵夜,[等级2],
23:34:24,61272385242,✨jason,提前关注=额外100宵夜,[等级12],[粉丝团 Lv9]
23:34:25,93139296550,X,提前关注=额外100宵夜,[等级31],
23:34:25,101604661985,满头黑发老腊肉～,提前关注=额外100宵夜,[等级17],[粉丝团 Lv2]
23:34:25,1415770410320814,用,提前关注=额外100宵夜,[等级29],
23:34:25,1223115484701437,发不发v吃v,提前关注=额外100宵夜,[等级1],
23:34:25,584564332307592,树杈上的神✌️,提前关注=额外100宵夜,[等级3],
23:34:26,61714187642,洋葱,提前关注=额外100宵夜,[等级12],
23:34:26,1934756770227812,🌈九门提督,提前关注=额外100宵夜,[等级27],[粉丝团 Lv14]
23:34:26,93392044582,析木,提前关注=额外100宵夜,[等级25],[粉丝团 Lv4]
23:34:26,101753979846,（——）,提前关注=额外100宵夜,[等级19],[粉丝团 Lv13]
23:34:26,66415883939,雾.,提前关注=额外100宵夜,[等级11],[粉丝团 Lv5]
23:34:26,67534735453,+2,提前关注=额外100宵夜,[等级15],[粉丝团 Lv10]
23:34:26,2788015772280887,🇮🇲💪💪奋斗,提前关注=额外100宵夜,[等级22],[粉丝团 Lv11]
23:34:27,2242613098065687,惊叫唤,提前关注=额外100宵夜,[等级11],
23:34:27,1336609249967022,挥袖入红尘,提前关注=额外100宵夜,[等级34],[粉丝团 Lv5]
23:34:28,294257575865735,🌈半醉半醒半浮生🍊,提前关注=额外100宵夜,[等级10],
23:34:28,652469755708723,快乐人,提前关注=额外100宵夜,[等级9],[粉丝团 Lv3]
23:34:28,1560929817070076,友达人力,提前关注=额外100宵夜,[等级14],
23:34:28,4353721897067259,媛儿,提前关注=额外100宵夜,[等级1],
23:34:28,98661264671,殇じ☆銫  纞,提前关注=额外100宵夜,[等级17],[粉丝团 Lv7]
23:34:28,68992097393,罗闪闪,提前关注=额外100宵夜,[等级1],[粉丝团 Lv2]
23:34:29,71907372454,AAA铝单板生产厂家,提前关注=额外100宵夜,[等级1],
23:34:30,4143391491229656,玄门中的金光,提前关注=额外100宵夜,[等级2],
23:34:31,3094484026144572,🍓,提前关注=额外100宵夜,[等级3],
23:34:32,882270332264943,芷墨,提前关注=额外100宵夜,[等级2],[粉丝团 Lv3]
23:34:32,97278959039,⚝,提前关注=额外100宵夜,[等级1],
23:34:34,443847322634212,芭比Q了,提前关注=额外100宵夜,,
23:34:35,97574384148,黄小人,提前关注=额外100宵夜,[等级6],[粉丝团 Lv5]
23:34:35,101396692248,飞去的雪,提前关注=额外100宵夜,[等级7],
23:34:36,74284219522,笑看风云,提前关注=额外100宵夜,[等级17],[粉丝团 Lv9]
23:34:36,2576866487047287,刹那永恒,提前关注=额外100宵夜,[等级13],[粉丝团 Lv7]
23:34:36,71035069884,啊哈哈哈耶,提前关注=额外100宵夜,[等级24],[粉丝团 Lv4]
23:34:36,4341322839766519,宋君𣢄,提前关注=额外100宵夜,[等级3],[粉丝团 Lv4]
23:34:36,61649719986,公子@颜,提前关注=额外100宵夜,[等级27],[粉丝团 Lv1]
23:34:36,60479144065,䒕晗,提前关注=额外100宵夜,[等级13],[粉丝团 Lv8]
23:34:36,3262944722825911,你就是我唯一,提前关注=额外100宵夜,[等级13],[粉丝团 Lv5]
23:34:37,102674407593,A          👣,提前关注=额外100宵夜,[等级17],[粉丝团 Lv5]
23:34:38,98181469184,玖弎～,提前关注=额外100宵夜,[等级5],[粉丝团 Lv3]
23:34:39,98186129265,Y☼,提前关注=额外100宵夜,[等级24],[粉丝团 Lv8]
23:34:39,69701285420,所念皆星河,提前关注=额外100宵夜,[等级15],[粉丝团 Lv10]
23:34:39,64785143891,丶Amis,提前关注=额外100宵夜,[等级15],[粉丝团 Lv10]
23:34:39,2584318313519147,c小林,提前关注=额外100宵夜,[等级2],[粉丝团 Lv1]
23:34:40,4265696128149982,鴻飛,提前关注=额外100宵夜,[等级28],[粉丝团 Lv15]
23:34:41,104369689069,忠伊安,提前关注=额外100宵夜,[等级13],
23:34:42,66377808923,倩,提前关注=额外100宵夜,[等级19],[粉丝团 Lv10]
23:34:42,61291622127,谁还没年轻过⁵¹⁰⁷⁴,提前关注=额外100宵夜,[等级16],[粉丝团 Lv14]
23:34:43,4256908664384840,乖乖,提前关注=额外100宵夜,[等级13],[粉丝团 Lv10]
23:34:44,74346523179,YZ⁵¹⁰⁷⁴,提前关注=额外100宵夜,[等级6],[粉丝团 Lv10]
23:34:44,1882836436518420,努力搞钱ぃ,提前关注=额外100宵夜,[等级13],[粉丝团 Lv3]
23:34:44,108447164779,见贤思齐,提前关注=额外100宵夜,[等级6],
23:34:45,2154655729849639,左手の智,提前关注=额外100宵夜,[等级18],[粉丝团 Lv11]
23:34:46,111477013535,羊羊羊.𝑠𝑚,提前关注=额外100宵夜,[等级26],
23:34:46,800094222813292,差生没文具,提前关注=额外100宵夜,[等级21],[粉丝团 Lv12]
23:34:46,66315525980,用户8531181579228,提前关注=额外100宵夜,[等级18],[粉丝团 Lv9]
23:34:47,2531539709337012,半句诗,提前关注=额外100宵夜,[等级2],[粉丝团 Lv4]
23:34:47,109184311557,心语☆,提前关注=额外100宵夜,[等级9],[粉丝团 Lv11]
23:34:47,460042274607691,N-L,提前关注=额外100宵夜,[等级16],[粉丝团 Lv6]
23:34:48,100450060023,建立堡,提前关注=额外100宵夜,[等级5],[粉丝团 Lv4]
23:34:48,2132705890025092,🦌 Deer,提前关注=额外100宵夜,[等级4],
23:34:51,62200980600,阿妃,提前关注=额外100宵夜,[等级22],
23:34:52,94362511572,遇见0721🌈,提前关注=额外100宵夜,[等级10],[粉丝团 Lv11]
23:34:53,92916806936,🌈Zhang.,提前关注=额外100宵夜,[等级15],[粉丝团 Lv10]
23:34:54,97303748461,无需解析,提前关注=额外100宵夜,[等级28],[粉丝团 Lv12]
23:34:54,82876274362,永恒,提前关注=额外100宵夜,[等级24],[粉丝团 Lv7]
23:34:54,1896019433626000,🥤可乐,提前关注=额外100宵夜,[等级22],[粉丝团 Lv12]
23:34:54,93796291286,yeah,提前关注=额外100宵夜,[等级7],
23:34:54,73742651567,顺顺,提前关注=额外100宵夜,[等级13],[粉丝团 Lv11]
23:34:54,104917868526,🌅,提前关注=额外100宵夜,[等级7],[粉丝团 Lv7]
23:34:55,3790745693330856,37度°,提前关注=额外100宵夜,[等级22],[粉丝团 Lv4]
23:34:56,94194741025,ღWen,提前关注=额外100宵夜,[等级23],[粉丝团 Lv3]
23:34:56,3359747609464093,Alice1314,提前关注=额外100宵夜,[等级11],[粉丝团 Lv10]
23:34:57,682166380671928,Heyday,提前关注=额外100宵夜,[等级4],[粉丝团 Lv9]
23:34:57,93458715101,许多年以后，,提前关注=额外100宵夜,[等级15],[粉丝团 Lv5]
23:34:59,7573716705048265765,小苝,提前关注=额外100宵夜,,
23:35:00,4169767910128696,言辞,提前关注=额外100宵夜,[等级27],[粉丝团 Lv12]
23:35:00,2880370646203165,决明子,提前关注=额外100宵夜,,
23:35:00,3219824482720447,用户7796075595058,提前关注=额外100宵夜,[等级8],[粉丝团 Lv9]
23:35:01,2511705285070051,小鑫ㅤㅤ,提前关注=额外100宵夜,[等级17],
23:35:01,2913033632356508,飞飞,提前关注=额外100宵夜,[等级1],
23:35:03,3755540036465070,🚬..断ღ念...༻,提前关注=额外100宵夜,[等级18],[粉丝团 Lv1]
23:35:03,2434771442739696,「别过旧尘」,提前关注=额外100宵夜,[等级8],
23:35:03,487818886915763,接zyy巅峰第一.,提前关注=额外100宵夜,[等级19],[粉丝团 Lv5]
23:35:03,1182716344665812,过眼云烟,提前关注=额外100宵夜,[等级18],[粉丝团 Lv9]
23:35:04,14022204921,麻将得嘛,提前关注=额外100宵夜,[等级6],[粉丝团 Lv6]
23:35:04,2217042465003886,²⁰²⁴Newlife,提前关注=额外100宵夜,[等级18],
23:35:04,1716797153489322,用户1643714671875,提前关注=额外100宵夜,,
23:35:05,4425977128300608,jiaojiao,提前关注=额外100宵夜,[等级2],[粉丝团 Lv4]
23:35:05,98855521965,明少爱七妹,提前关注=额外100宵夜,[等级11],[粉丝团 Lv11]
23:35:05,2164297518558495,Aniyio-,提前关注=额外100宵夜,[等级10],
23:35:06,3598079161800099,锦书来,提前关注=额外100宵夜,[等级20],[粉丝团 Lv10]
23:35:06,2148910869261440,C罗,提前关注=额外100宵夜,[等级9],[粉丝团 Lv11]
23:35:07,2880370646203165,决明子,提前关注=额外100宵夜,,
23:35:07,101466480016,爱在冰秋希♥冉,提前关注=额外100宵夜,[等级11],
23:35:07,1724471291416952,鸢尾,提前关注=额外100宵夜,[等级7],[粉丝团 Lv6]
23:35:08,1204659008582055,🥤🥤,提前关注=额外100宵夜,[等级19],[粉丝团 Lv3]
23:35:08,95845918365,Swagger☞,提前关注=额外100宵夜,[等级10],[粉丝团 Lv3]
23:35:09,99122693305,执手共白头❦,提前关注=额外100宵夜,[等级11],[粉丝团 Lv1]
23:35:09,3512276140426876,小罗,提前关注=额外100宵夜,,
23:35:09,76471835671,无敌吉伊大王,提前关注=额外100宵夜,[等级14],[粉丝团 Lv6]
23:35:09,59735412318,喝豆奶吗🌈,提前关注=额外100宵夜,[等级19],[粉丝团 Lv12]
23:35:09,65642988535,温酒🐈‍⬛,提前关注=额外100宵夜,[等级38],[粉丝团 Lv13]
23:35:09,68491452206,佘一,提前关注=额外100宵夜,[等级15],[粉丝团 Lv4]
23:35:09,1525758625594611,🐬  F,提前关注=额外100宵夜,[等级31],[粉丝团 Lv15]
23:35:09,59245220283,莲子,提前关注=额外100宵夜,[等级17],[粉丝团 Lv10]
23:35:10,69371257703,倒飞的鹰🦅,提前关注=额外100宵夜,[等级42],[粉丝团 Lv2]
23:35:10,74908500591,那我走,提前关注=额外100宵夜,[等级36],[粉丝团 Lv2]
23:35:10,1371786717439472,铁锅dun大eee,提前关注=额外100宵夜,[等级13],[粉丝团 Lv2]
23:35:11,3922670199767847,莫问,提前关注=额外100宵夜,[等级14],[粉丝团 Lv12]
23:35:11,96078515800,小、七弟,提前关注=额外100宵夜,[等级16],[粉丝团 Lv10]
23:35:11,95618728698,前路漫漫亦燦燦😀,提前关注=额外100宵夜,[等级31],[粉丝团 Lv2]
23:35:11,70429929524,X,提前关注=额外100宵夜,[等级28],[粉丝团 Lv8]
23:35:12,103062049538,ঞ ໌淡然一笑 ꧔ꦿ᭄°,提前关注=额外100宵夜,[等级11],[粉丝团 Lv4]
23:35:12,3021069489285053,是大明子呀,提前关注=额外100宵夜,[等级14],[粉丝团 Lv3]
23:35:13,3333316330660640,用户7962604199773,提前关注=额外100宵夜,[等级9],
23:35:13,111524836317,🐀平少🐀,提前关注=额外100宵夜,[等级19],
23:35:13,4209401452304744,常岁宁,提前关注=额外100宵夜,[等级7],[粉丝团 Lv9]
23:35:13,76705870226,🌈Cc*-,提前关注=额外100宵夜,[等级42],[粉丝团 Lv2]
23:35:13,64695781541,王晓呀,提前关注=额外100宵夜,[等级14],
23:35:14,87718607982,心情很哇塞,提前关注=额外100宵夜,[等级8],[粉丝团 Lv7]
23:35:17,4292110083163747,精神焕发🐂,提前关注=额外100宵夜,[等级21],[粉丝团 Lv2]
23:35:17,70985515091,望禾安,提前关注=额外100宵夜,[等级9],[粉丝团 Lv5]
23:35:17,98613466301,C.H,提前关注=额外100宵夜,[等级15],[粉丝团 Lv12]
23:35:17,104228146871,小凯,提前关注=额外100宵夜,[等级21],[粉丝团 Lv2]
23:35:17,71989707062,ω.,提前关注=额外100宵夜,[等级13],[粉丝团 Lv10]
23:35:17,89199662090,🌈瑾辰,提前关注=额外100宵夜,[等级25],
23:35:18,109391294858,独行客,提前关注=额外100宵夜,[等级11],[粉丝团 Lv9]
23:35:20,3474077770844829,抖抖,提前关注=额外100宵夜,[等级17],
23:35:20,105476716626,💫迷,提前关注=额外100宵夜,[等级24],[粉丝团 Lv15]
23:35:21,95542564163,阿乐。,提前关注=额外100宵夜,[等级25],[粉丝团 Lv11]
23:35:21,83065704580,🌟 𝑨𝒖𝑫𝒊࿐木子,提前关注=额外100宵夜,[等级7],[粉丝团 Lv3]
23:35:21,358897734390771,下 次 見,提前关注=额外100宵夜,[等级6],
23:35:21,109042802862,有点困,提前关注=额外100宵夜,[等级14],
23:35:21,59529055154,范先森,提前关注=额外100宵夜,[等级32],[粉丝团 Lv10]
23:35:23,96304346891,🌈两个乖乖宝🌈,提前关注=额外100宵夜,[等级18],[粉丝团 Lv6]
23:35:25,2430367404666435,上善若水～,提前关注=额外100宵夜,[等级15],[粉丝团 Lv8]
23:35:25,62343756081,二十二.,提前关注=额外100宵夜,[等级3],[粉丝团 Lv3]
23:35:25,102625156723,春夏🍂冬,提前关注=额外100宵夜,[等级29],[粉丝团 Lv3]
23:35:25,2383381384662167,明经龙,提前关注=额外100宵夜,[等级6],
23:35:25,361103785471368,小糖不吃糖,提前关注=额外100宵夜,[等级6],
23:35:25,109937395119,林,提前关注=额外100宵夜,[等级3],
23:35:25,2254455928260029,0001,提前关注=额外100宵夜,,
23:35:25,66321027945,天青色等烟雨,提前关注=额外100宵夜,[等级27],[粉丝团 Lv12]
23:35:25,101262168365,大鹏,提前关注=额外100宵夜,[等级17],[粉丝团 Lv5]
23:35:26,109406695781,梵梵,提前关注=额外100宵夜,[等级4],[粉丝团 Lv2]
23:35:28,103612270955,杰lj,提前关注=额外100宵夜,[等级13],[粉丝团 Lv11]
23:35:28,2752831106842696,鞠,提前关注=额外100宵夜,[等级16],[粉丝团 Lv6]
23:35:28,54948063073,一丢丢老姐🐶,提前关注=额外100宵夜,[等级5],
23:35:28,105903757072,兴龙9527,提前关注=额外100宵夜,[等级20],[粉丝团 Lv11]
23:35:29,64812355060,我每天泪萌萌,提前关注=额外100宵夜,[等级13],[粉丝团 Lv10]
23:35:29,1530997602517387,夜鹰,提前关注=额外100宵夜,[等级14],
23:35:30,83778526314,石小七,提前关注=额外100宵夜,[等级13],[粉丝团 Lv2]
23:35:30,663746325775534,✨ཉི༗雨后天晴✨ཉི,提前关注=额外100宵夜,[等级25],[粉丝团 Lv11]
23:35:30,1191486392372888,已重置,提前关注=额外100宵夜,[等级9],[粉丝团 Lv3]
23:35:30,4176384734528810,Sunxray✨🦀,提前关注=额外100宵夜,[等级10],[粉丝团 Lv10]
23:35:30,543621315832330,橘,提前关注=额外100宵夜,[等级10],
23:35:30,3399335755656075,@🚬: এ᭄天涯ꦿ独行者ོ࿐ᩚ,提前关注=额外100宵夜,[等级27],[粉丝团 Lv10]
23:35:31,63719224377,宇崽,提前关注=额外100宵夜,[等级16],
23:35:31,71053693862,碎碎念,提前关注=额外100宵夜,[等级14],[粉丝团 Lv5]
23:35:32,4276451864772171,用户11988249030,提前关注=额外100宵夜,,
23:35:32,63213332274,晴天,提前关注=额外100宵夜,[等级11],[粉丝团 Lv6]
23:35:33,68292903603,费流量,提前关注=额外100宵夜,[等级15],[粉丝团 Lv2]
23:35:33,3390529472040060,朝辞᭄💖,提前关注=额外100宵夜,[等级24],
23:35:33,111522147591,稳稳的幸福,提前关注=额外100宵夜,[等级18],[粉丝团 Lv8]
23:35:33,97080257484,SVnlq,提前关注=额外100宵夜,[等级1],
23:35:33,103616874329,太有才了,提前关注=额外100宵夜,[等级10],[粉丝团 Lv11]
23:35:33,4380091135304880,曺Big🍟,提前关注=额外100宵夜,[等级23],[粉丝团 Lv13]
23:35:33,94143154606,蒙e,提前关注=额外100宵夜,[等级12],[粉丝团 Lv6]
23:35:34,105977908412,陈大大,提前关注=额外100宵夜,[等级17],[粉丝团 Lv1]
23:35:35,95590761825,THree,提前关注=额外100宵夜,[等级30],
23:35:35,4402094832624487,啥也不想看,提前关注=额外100宵夜,[等级13],[粉丝团 Lv10]
23:35:35,85670788721,炭烤懒羊羊🪷,提前关注=额外100宵夜,[等级21],
23:35:36,2809993704517324,重新开始,提前关注=额外100宵夜,[等级23],[粉丝团 Lv4]
23:35:37,61834686086,祝余,提前关注=额外100宵夜,[等级11],[粉丝团 Lv7]
23:35:37,75395986183,✦  .益达,提前关注=额外100宵夜,[等级27],[粉丝团 Lv3]
23:35:39,66551992656,🎶林哥,提前关注=额外100宵夜,[等级19],[粉丝团 Lv10]
23:35:39,103425898290,标叔,提前关注=额外100宵夜,[等级9],[粉丝团 Lv1]
23:35:40,836072597888711,·,提前关注=额外100宵夜,[等级23],[粉丝团 Lv12]
23:35:40,87772033131,𝓛·𝓙𝓾𝓵²⁹·𝓛𝓮𝓸♌️,提前关注=额外100宵夜,[等级17],
23:35:40,96574045652,九三。,提前关注=额外100宵夜,[等级4],[粉丝团 Lv4]
23:35:40,60300976000,沙雕中的极品雕,提前关注=额外100宵夜,[等级28],[粉丝团 Lv5]
23:35:40,60966512026,买吊顶找我,提前关注=额外100宵夜,[等级10],[粉丝团 Lv11]
23:35:40,92770020949,Hx,提前关注=额外100宵夜,[等级9],
23:35:40,1358634637072099,拥有,提前关注=额外100宵夜,[等级12],[粉丝团 Lv12]
23:35:40,3830301180561515,望穿秋水,提前关注=额外100宵夜,[等级22],
23:35:40,1367430987787710,☁️孓㤅☁️,提前关注=额外100宵夜,[等级29],[粉丝团 Lv11]
23:35:40,97435333506,心宽体不胖,提前关注=额外100宵夜,[等级7],
23:35:41,2374557380392285,雪花。,提前关注=额外100宵夜,[等级2],[粉丝团 Lv1]
23:35:42,77349591598,侯先生,提前关注=额外100宵夜,[等级15],
23:35:43,940833504495496,小时候，，,提前关注=额外100宵夜,[等级14],[粉丝团 Lv5]
23:35:43,40058026204221,是陈小雨,提前关注=额外100宵夜,[等级7],
23:35:43,93014091250,上弦⁰⁴⁷,提前关注=额外100宵夜,[等级34],
23:35:44,92939235047,似梦非梦，,提前关注=额外100宵夜,[等级25],
23:35:46,83780777889,daLta,提前关注=额外100宵夜,[等级21],
23:35:46,60268055237,༺世俗༻,提前关注=额外100宵夜,[等级6],
23:35:48,4224754150284179,椿去秋来,提前关注=额外100宵夜,[等级10],[粉丝团 Lv5]
23:35:48,105216171020,甘,提前关注=额外100宵夜,[等级12],[粉丝团 Lv11]
23:35:48,2147771525643033,慕禅,提前关注=额外100宵夜,[等级6],
23:35:48,3397951533624147,香菜.,提前关注=额外100宵夜,[等级21],
23:35:48,3593636673489885,天天开心.,提前关注=额外100宵夜,[等级1],[粉丝团 Lv1]
23:35:50,3043041142386776,南风北巷✘,提前关注=额外100宵夜,[等级21],[粉丝团 Lv3]
23:35:50,1253070751668964,ღ . H,提前关注=额外100宵夜,[等级60],
23:35:51,88505410299,。,提前关注=额外100宵夜,[等级11],[粉丝团 Lv4]
23:35:52,65950843541,薄荷煙花涼,提前关注=额外100宵夜,[等级12],[粉丝团 Lv11]
23:35:52,64463180721,小梦,提前关注=额外100宵夜,[等级23],[粉丝团 Lv12]
23:35:54,72624273628,石头,提前关注=额外100宵夜,[等级11],[粉丝团 Lv10]
23:35:55,99225857489,狂野,提前关注=额外100宵夜,[等级17],[粉丝团 Lv1]
23:35:55,4503698666348269,罗密欧与猪过夜,提前关注=额外100宵夜,[等级17],
23:35:55,270948762917427,宸,提前关注=额外100宵夜,[等级4],[粉丝团 Lv8]
23:35:56,63495129951,关你🐦事,提前关注=额外100宵夜,[等级14],[粉丝团 Lv10]
23:35:56,97658434227,十点🕙差三分,提前关注=额外100宵夜,[等级15],[粉丝团 Lv2]
23:35:57,3676387562501368,尛✔,提前关注=额外100宵夜,[等级13],[粉丝团 Lv12]
23:35:57,109737006858,繁星一点,提前关注=额外100宵夜,[等级27],[粉丝团 Lv11]
23:35:58,103743124115,⊙∀⊙！,提前关注=额外100宵夜,[等级16],[粉丝团 Lv12]
23:35:58,94219255359,阿江,提前关注=额外100宵夜,[等级12],[粉丝团 Lv10]
23:35:58,61026770975,Lucky-,提前关注=额外100宵夜,[等级10],[粉丝团 Lv8]
23:36:00,363315368309658,小飞l,提前关注=额外100宵夜,[等级6],[粉丝团 Lv10]
23:36:01,62755067515,小飞棍来诺😷,提前关注=额外100宵夜,[等级3],[粉丝团 Lv3]
23:36:02,30394766603027,晨曦,提前关注=额外100宵夜,[等级21],[粉丝团 Lv12]
23:36:02,2490844202666824,站起来,提前关注=额外100宵夜,,
23:36:02,951490889128227,孑丶冄,提前关注=额外100宵夜,[等级28],[粉丝团 Lv10]
23:36:03,97135241679,ZSL,提前关注=额外100宵夜,[等级15],[粉丝团 Lv9]
23:36:04,95316994506,楠:)桉,提前关注=额外100宵夜,[等级24],[粉丝团 Lv10]
23:36:04,96653064922,发飙的小蜗牛,提前关注=额外100宵夜,[等级24],[粉丝团 Lv7]
23:36:06,1590366232652803,兴义市涛涛门业,提前关注=额外100宵夜,,
23:36:06,1530155757474296,玩鱼不养鱼,提前关注=额外100宵夜,[等级11],[粉丝团 Lv2]
23:36:06,89875301963,我滴乖乖🌸,提前关注=额外100宵夜,[等级3],[粉丝团 Lv6]
23:36:06,59819863614,ㅤㅤㅤㅤㅤㅤㅤㅤ🌈 ㅤㅤㅤㅤㅤ,提前关注=额外100宵夜,[等级18],[粉丝团 Lv1]
23:36:06,99625560112,陈BDSM,提前关注=额外100宵夜,[等级27],
23:36:07,70971630838,✨恰口奶盖✨,提前关注=额外100宵夜,[等级10],[粉丝团 Lv10]
23:36:07,2009539112880636,种包谷滴,提前关注=额外100宵夜,[等级27],[粉丝团 Lv10]
23:36:07,96461935169,🌈靑旾🌈,提前关注=额外100宵夜,[等级28],[粉丝团 Lv3]
23:36:07,59164109090,A____q、m、z,提前关注=额外100宵夜,[等级21],[粉丝团 Lv6]
23:36:11,69638413755,聆听者,提前关注=额外100宵夜,[等级24],[粉丝团 Lv7]
23:36:11,4028204915108840,美寶,提前关注=额外100宵夜,[等级1],
23:36:11,333889576895149,泡妞就要一步到位,提前关注=额外100宵夜,[等级5],
23:36:11,96060524658,⭐️伟-1⭐️🏀,提前关注=额外100宵夜,[等级23],[粉丝团 Lv15]
23:36:12,80279945552,小谦~,提前关注=额外100宵夜,[等级22],[粉丝团 Lv2]
23:36:12,1783847821255132,闪现真好吃,提前关注=额外100宵夜,[等级13],[粉丝团 Lv9]
23:36:13,532640847891816,我是你小弟、,提前关注=额外100宵夜,[等级10],
23:36:13,65718132164,亚亚🦆,提前关注=额外100宵夜,[等级6],
23:36:16,3043915806292507,小小～往事湖,提前关注=额外100宵夜,[等级34],
23:36:16,69607700788,碳烤小肥杨0319,提前关注=额外100宵夜,[等级8],
23:36:17,92986868045,KOL4878.01,提前关注=额外100宵夜,[等级2],
23:36:17,97985021575,蘇,提前关注=额外100宵夜,[等级12],[粉丝团 Lv12]
23:36:18,51733977779,😈,提前关注=额外100宵夜,[等级16],
23:36:18,71874412450,慢慢扬🔙舟,提前关注=额外100宵夜,[等级11],[粉丝团 Lv3]
23:36:18,1946573784227340,甜妹张君雅,提前关注=额外100宵夜,[等级22],[粉丝团 Lv10]
23:36:19,588936189065679,好长一条路。,提前关注=额外100宵夜,[等级13],[粉丝团 Lv12]
23:36:19,3756377854195836,晚风狠温柔,提前关注=额外100宵夜,[等级22],[粉丝团 Lv11]
23:36:19,101599127787,今天不熬夜,提前关注=额外100宵夜,[等级27],[粉丝团 Lv10]
23:36:19,2661255447067731,✨默默,提前关注=额外100宵夜,[等级25],[粉丝团 Lv3]
23:36:19,97575466092,归皖,提前关注=额外100宵夜,[等级15],[粉丝团 Lv8]
23:36:20,2218194664423968,元 旦,提前关注=额外100宵夜,,
23:36:20,62227199839,喜德县她的花店,提前关注=额外100宵夜,[等级10],[粉丝团 Lv2]
23:36:20,85411261661,涛,提前关注=额外100宵夜,[等级24],[粉丝团 Lv6]
23:36:20,62805828745,꧔ꦿ℘孤💞᭄᪲ᩚ꯭ᩚ狼💞᭄᪲ᩚ,提前关注=额外100宵夜,[等级18],[粉丝团 Lv10]
23:36:21,3298148086449303,热心市民杨先生,提前关注=额外100宵夜,[等级10],[粉丝团 Lv10]
23:36:21,73063800963,🛶蓝🌴,提前关注=额外100宵夜,[等级7],
23:36:21,1257437656002798,某某.,提前关注=额外100宵夜,[等级34],[粉丝团:张君雅 Lv16]
23:36:23,874847890575219,沧枭北渊,提前关注=额外100宵夜,[等级2],
23:36:24,102115035856,Number万、,提前关注=额外100宵夜,[等级25],[粉丝团 Lv4]
23:36:24,51798081044,咖啡兑牛奶,提前关注=额外100宵夜,[等级29],
23:36:24,1820393307909307,ە遺あ忘ە,提前关注=额外100宵夜,[等级42],
23:36:24,77871252865,沉默不语,提前关注=额外100宵夜,[等级11],
23:36:25,83749256493,瞌睡的周周,提前关注=额外100宵夜,[等级4],[粉丝团 Lv7]
23:36:25,94032420426,多巴胺5233,提前关注=额外100宵夜,[等级10],[粉丝团 Lv4]
23:36:25,88484093622,北海以北萍ゞ🇨🇳,提前关注=额外100宵夜,[等级20],
23:36:27,62874885067,清风、扶醉月&学会忘记,提前关注=额外100宵夜,[等级24],[粉丝团 Lv12]
23:36:29,3534245832961755,小居士,提前关注=额外100宵夜,[等级9],[粉丝团 Lv4]
23:36:29,72256039536,冰淇淋,提前关注=额外100宵夜,[等级13],[粉丝团 Lv2]
23:36:29,61576036795,⁵¹⁸H₂₁₇,提前关注=额外100宵夜,[等级11],[粉丝团 Lv9]
23:36:29,3865524108536667,果果,提前关注=额外100宵夜,[等级24],[粉丝团 Lv11]
23:36:29,111519916804,最初的梦想✨,提前关注=额外100宵夜,[等级9],[粉丝团 Lv3]
23:36:30,96052687199,渡心,提前关注=额外100宵夜,[等级18],[粉丝团 Lv9]
23:36:31,96603249534,NO,提前关注=额外100宵夜,[等级16],[粉丝团 Lv2]
23:36:31,61677830994,是小伟啊,提前关注=额外100宵夜,[等级22],
23:36:31,50704413076,韩星,提前关注=额外100宵夜,[等级21],[粉丝团 Lv12]
23:36:31,4112616044901128,凉风_,提前关注=额外100宵夜,[等级8],[粉丝团 Lv3]
23:36:32,172003533008615,再见只是陌生人,提前关注=额外100宵夜,[等级16],[粉丝团 Lv13]
23:36:33,66614031647,CC、🌸,提前关注=额外100宵夜,[等级11],[粉丝团 Lv9]
23:36:33,101735071187,十面埋伏,提前关注=额外100宵夜,[等级12],[粉丝团 Lv9]
23:36:34,111427221258,鶴蹤,提前关注=额外100宵夜,[等级8],[粉丝团 Lv10]
23:36:34,99622744077,🌈会功夫的大熊🌈,提前关注=额外100宵夜,[等级12],[粉丝团 Lv2]
23:36:34,63923380376,识人,提前关注=额外100宵夜,[等级10],[粉丝团 Lv6]
23:36:34,60668526549,🕊1只ꦿ 酸奶꧔ꦿ刘᭄💞,提前关注=额外100宵夜,[等级14],[粉丝团 Lv1]
23:36:35,96296177686,成功路上在施工,提前关注=额外100宵夜,,
23:36:35,63338129352,楽意,提前关注=额外100宵夜,[等级8],
23:36:35,1372666211088404,幸运,提前关注=额外100宵夜,[等级14],[粉丝团 Lv10]
23:36:35,61628620352,雨哥,提前关注=额外100宵夜,[等级22],[粉丝团 Lv4]
23:36:35,3773976239160815,允我心安,提前关注=额外100宵夜,[等级16],[粉丝团 Lv12]
23:36:35,3227787146302183,188的老张,提前关注=额外100宵夜,[等级2],[粉丝团 Lv1]
23:36:36,70385145841,攀登,提前关注=额外100宵夜,[等级10],[粉丝团 Lv5]
23:36:36,2819584304095375,寂寞de豆芽,提前关注=额外100宵夜,[等级14],[粉丝团 Lv9]
23:36:36,52665635294,辰风,提前关注=额外100宵夜,[等级22],[粉丝团 Lv11]
23:36:36,3355310776918695,MDQ,提前关注=额外100宵夜,[等级3],[粉丝团 Lv4]
23:36:36,74762479485,凣,提前关注=额外100宵夜,[等级38],
23:36:37,73279822360,有你就足够,提前关注=额外100宵夜,[等级17],[粉丝团 Lv1]
23:36:38,2078507805195997,沈月竹,提前关注=额外100宵夜,[等级7],
23:36:38,104230417821,小伍先生,提前关注=额外100宵夜,[等级13],[粉丝团 Lv9]
23:36:39,4393255722297060,大胆哥uy,提前关注=额外100宵夜,[等级21],
23:36:39,17120906395,$琳箐欣锦$,提前关注=额外100宵夜,[等级26],[粉丝团 Lv14]
23:36:39,2053477088108830,冰美式 ⁸ ⁰ ⁰ ⁸,提前关注=额外100宵夜,[等级10],[粉丝团 Lv10]
23:36:40,3280541966673294,鳳囚凰,提前关注=额外100宵夜,[等级33],[粉丝团 Lv3]
23:36:40,59200421796,躲帅,提前关注=额外100宵夜,[等级19],[粉丝团 Lv13]
23:36:40,2686801032787799,L。,提前关注=额外100宵夜,[等级8],[粉丝团 Lv7]
23:36:40,91571151482,琴枝,提前关注=额外100宵夜,[等级14],[粉丝团 Lv10]
23:36:40,1138692120904148,Yier_o,提前关注=额外100宵夜,[等级19],
23:36:40,3624421468669991,用户5603529533295,提前关注=额外100宵夜,[等级10],[粉丝团 Lv5]
23:36:40,4085403482857084,呆咩,提前关注=额外100宵夜,[等级13],[粉丝团 Lv10]
23:36:41,891047291913632,Eirian·星辞,提前关注=额外100宵夜,[等级4],
23:36:41,53220183954,Berry_Diane,提前关注=额外100宵夜,[等级32],
23:36:42,2023522656343792,世界和平，国泰民安,提前关注=额外100宵夜,[等级5],[粉丝团 Lv4]
23:36:42,100250134080,凯,提前关注=额外100宵夜,[等级19],[粉丝团 Lv15]
23:36:42,70939972707,哇哇,提前关注=额外100宵夜,[等级17],
23:36:43,55421643010231,肥嘟嘟左卫门,提前关注=额外100宵夜,[等级15],[粉丝团 Lv5]
23:36:43,75870868149,吃饭的时候不饿,提前关注=额外100宵夜,[等级11],[粉丝团 Lv8]
23:36:44,3158210772483188,清风徐来,提前关注=额外100宵夜,[等级26],[粉丝团 Lv15]
23:36:44,1165120937928107,dy56km3q2f0e,提前关注=额外100宵夜,[等级5],
23:36:44,1003171578395687,道果,提前关注=额外100宵夜,,
23:36:44,3582664368467760,小逆动画,提前关注=额外100宵夜,[等级2],[粉丝团 Lv5]
23:36:44,83357960062,@久九🔜哥,提前关注=额外100宵夜,[等级15],[粉丝团 Lv6]
23:36:44,97451185415,-已知、未知。,提前关注=额外100宵夜,[等级16],[粉丝团 Lv11]
23:36:46,1512542077459805,记得晒太阳,提前关注=额外100宵夜,[等级18],[粉丝团 Lv9]
23:36:46,109430413528,开心的我快乐的你,提前关注=额外100宵夜,[等级2],
23:36:46,4407272229577869,就这样呗,提前关注=额外100宵夜,[等级27],[粉丝团 Lv12]
23:36:47,3549666861913774,未满醉🎋,提前关注=额外100宵夜,[等级15],
23:36:48,3865535807763511,🧐红心,提前关注=额外100宵夜,[等级15],
23:36:48,71694500558,Sports,提前关注=额外100宵夜,[等级10],[粉丝团 Lv6]
23:36:48,1398178637684468,星辉室内外装修设计咨询中心,提前关注=额外100宵夜,[等级6],[粉丝团 Lv3]
23:36:49,94782762040,砍树的,提前关注=额外100宵夜,[等级22],[粉丝团 Lv15]
23:36:49,91580467214,锁骨痣,提前关注=额外100宵夜,[等级5],[粉丝团 Lv2]
23:36:50,94315150420,🎶蔣©極¥榀®,提前关注=额外100宵夜,[等级23],[粉丝团 Lv4]
23:36:50,99664439489,。。。,提前关注=额外100宵夜,[等级12],[粉丝团 Lv6]
23:36:50,725324360845421,斌仔,提前关注=额外100宵夜,[等级11],[粉丝团 Lv5]
23:36:50,509818415880967,中意李,提前关注=额外100宵夜,[等级6],
23:36:50,74644928243,坚哥,提前关注=额外100宵夜,[等级33],[粉丝团 Lv12]
23:36:52,4160158930844799,英子,提前关注=额外100宵夜,[等级2],[粉丝团 Lv4]
23:36:52,1787163015123112,你好,提前关注=额外100宵夜,[等级4],[粉丝团 Lv5]
23:36:53,110838634413,为了生活,提前关注=额外100宵夜,[等级7],[粉丝团 Lv4]
23:36:53,83424808198,咪秋咪秋😋,提前关注=额外100宵夜,[等级13],[粉丝团 Lv4]
23:36:54,3425680334000547,小飞哥,提前关注=额外100宵夜,[等级19],[粉丝团 Lv10]
23:36:54,54450673126,装S一鞭把M打的站起来说新中国没有奴隶,提前关注=额外100宵夜,[等级29],[粉丝团 Lv12]
23:36:56,111373817044,我是小熊的保镖,提前关注=额外100宵夜,[等级21],[粉丝团 Lv1]
23:36:58,52297554973,汕明,提前关注=额外100宵夜,[等级6],[粉丝团 Lv3]
23:36:58,103310142818,呆  呆,提前关注=额外100宵夜,[等级13],[粉丝团 Lv6]
23:36:59,11440403524768,十六   🦋,提前关注=额外100宵夜,[等级37],[粉丝团 Lv2]
23:36:59,590893464955795,111,提前关注=额外100宵夜,,
23:37:00,3615623065907511,橙子汁,提前关注=额外100宵夜,[等级6],
23:37:03,3571646496779732,哈哈哈哈哈哈哈,提前关注=额外100宵夜,[等级15],[粉丝团 Lv12]
23:37:04,64281473663,知雾,提前关注=额外100宵夜,[等级16],
23:37:04,54841696856,注定,提前关注=额外100宵夜,[等级18],[粉丝团 Lv12]
23:37:06,7449727217465181242,松之精选潮装好物,提前关注=额外100宵夜,,
23:37:07,3722285933933771,呦！,提前关注=额外100宵夜,[等级4],[粉丝团 Lv8]
23:37:07,92670572089,士兵突击,提前关注=额外100宵夜,[等级27],[粉丝团 Lv10]
23:37:07,3424330900049235,繁华落梦无痕,提前关注=额外100宵夜,[等级19],[粉丝团 Lv10]
23:37:07,99252667149,乄舎得乄,提前关注=额外100宵夜,[等级14],[粉丝团 Lv2]
23:37:07,104375737081,啊开,提前关注=额外100宵夜,[等级8],
23:37:07,92906753620,ᴶᵧᴴ·³¹⁶,提前关注=额外100宵夜,[等级21],
23:37:09,100064351945,39℃的风,提前关注=额外100宵夜,[等级4],
23:37:10,111575979101,鱼丸,提前关注=额外100宵夜,[等级10],
23:37:11,2448287037,ヾ茶凉酒寒,提前关注=额外100宵夜,[等级10],[粉丝团 Lv10]
23:37:13,102795070892,大帅,提前关注=额外100宵夜,[等级14],[粉丝团 Lv10]
23:37:13,4108213488715856,七.,提前关注=额外100宵夜,[等级19],
23:37:13,2157674364934804,布丁っω<,提前关注=额外100宵夜,[等级11],[粉丝团 Lv6]
23:37:13,4202756000722387,@11%,提前关注=额外100宵夜,[等级10],
23:37:14,66671326275,多爸,提前关注=额外100宵夜,[等级12],[粉丝团 Lv3]
23:37:15,94673757945,Zzz.,提前关注=额外100宵夜,[等级17],[粉丝团 Lv14]
23:37:15,72241331905,丶Y,提前关注=额外100宵夜,[等级13],[粉丝团 Lv10]
23:37:15,62295338173,阿祖。,提前关注=额外100宵夜,[等级7],
23:37:16,71530247013,文汐,提前关注=额外100宵夜,[等级21],[粉丝团 Lv10]
23:37:18,100179406867,.初见,提前关注=额外100宵夜,[等级21],[粉丝团 Lv11]
23:37:18,93687105296,洛皮皮🐻‍❄️⁰⁵⁰³,提前关注=额外100宵夜,[等级40],[粉丝团:张君雅 Lv17]
23:37:19,1767664030065336,天意纵横,提前关注=额外100宵夜,[等级3],
23:37:21,3050496553138730,海绵宝宝🎶,提前关注=额外100宵夜,,
23:37:21,59663065416,失眠数羊🐑,提前关注=额外100宵夜,[等级6],[粉丝团 Lv5]
23:37:23,360271582075095,是个人,提前关注=额外100宵夜,[等级12],[粉丝团 Lv5]
23:37:24,642540925625453,本色出演～,提前关注=额外100宵夜,[等级18],[粉丝团 Lv9]
23:37:25,972404837587015,清风,提前关注=额外100宵夜,[等级22],[粉丝团 Lv10]
23:37:25,82570271987,张张～,提前关注=额外100宵夜,[等级22],[粉丝团 Lv13]
23:37:26,96598345650,雪音,提前关注=额外100宵夜,[等级18],[粉丝团 Lv15]
23:37:27,111614697019,🕷️,提前关注=额外100宵夜,[等级32],[粉丝团 Lv12]
23:37:27,96455482526,范泰熙,提前关注=额外100宵夜,[等级15],[粉丝团 Lv8]
23:37:28,4068655803144624,𝙯ᙆ,提前关注=额外100宵夜,[等级11],[粉丝团 Lv12]
23:37:28,68048741957,谢谢妮娅,提前关注=额外100宵夜,[等级33],[粉丝团 Lv8]
23:37:28,2765992138383694,@涛,提前关注=额外100宵夜,[等级4],[粉丝团 Lv7]
23:37:29,96831914683,五路财神的掌上明珠,提前关注=额外100宵夜,[等级13],[粉丝团 Lv11]
23:37:29,103808919891,陈 平 安,提前关注=额外100宵夜,[等级20],[粉丝团 Lv10]
23:37:29,81284092788,欢,提前关注=额外100宵夜,[等级25],[粉丝团 Lv13]
23:37:31,102804599189,蓝桉༒,提前关注=额外100宵夜,[等级18],[粉丝团 Lv10]
23:37:31,3632420663601888,发什么呆,提前关注=额外100宵夜,[等级8],[粉丝团 Lv10]
23:37:31,92707358205,青焱拾叁,提前关注=额外100宵夜,[等级24],[粉丝团 Lv13]
23:37:31,4252514747951710,椰子🥥,提前关注=额外100宵夜,[等级20],[粉丝团 Lv13]
23:37:32,63789120404,小凯@同学,提前关注=额外100宵夜,[等级18],[粉丝团 Lv10]
23:37:32,102191303122,🌈翔子,提前关注=额外100宵夜,[等级24],
23:37:33,87925062079,紧握双手,提前关注=额外100宵夜,[等级21],[粉丝团 Lv12]
23:37:33,1807239114666904,·喵了个咪,提前关注=额外100宵夜,[等级20],[粉丝团 Lv15]
23:37:33,4111819086767316,⑧,提前关注=额外100宵夜,[等级21],[粉丝团 Lv15]
23:37:34,759102013977117,老百姓,提前关注=额外100宵夜,[等级10],
23:37:34,63617343511,莞尔,提前关注=额外100宵夜,[等级36],[粉丝团 Lv7]
23:37:35,175538554811668,花样男,提前关注=额外100宵夜,[等级14],[粉丝团 Lv7]
23:37:37,2428141716642744,落泪的尘埃,提前关注=额外100宵夜,[等级10],[粉丝团 Lv8]
23:37:38,1302236908239159,🌈一个陈✨,提前关注=额外100宵夜,[等级13],[粉丝团 Lv5]
23:37:38,69423164739,美孟,提前关注=额外100宵夜,[等级21],[粉丝团 Lv6]
23:37:39,4371256745663156,月光☞,提前关注=额外100宵夜,[等级39],[粉丝团 Lv1]
23:37:39,3565086415273003,_302,提前关注=额外100宵夜,[等级9],[粉丝团 Lv11]
23:37:40,3522454368555949,小林不会做饭,提前关注=额外100宵夜,[等级15],[粉丝团 Lv11]
23:37:41,110036444005,橘里橘气,提前关注=额外100宵夜,[等级16],[粉丝团 Lv12]
23:37:41,68270825715,等.,提前关注=额外100宵夜,[等级13],[粉丝团 Lv9]
23:37:41,2880358296853371,顺哥,提前关注=额外100宵夜,[等级18],[粉丝团 Lv15]
23:37:42,2084322398701392,Q先生,提前关注=额外100宵夜,[等级13],[粉丝团 Lv10]
23:37:43,83235635332,被幸福围绕,提前关注=额外100宵夜,[等级22],[粉丝团 Lv8]
23:37:44,2482077430460700,✨🌙✨ 星星泡饭,提前关注=额外100宵夜,[等级16],[粉丝团 Lv8]
23:37:45,4475458192938265,圆圆喊救命老黑有事要先走,提前关注=额外100宵夜,[等级21],[粉丝团 Lv12]
23:37:45,2881175753081384,今生゜,提前关注=额外100宵夜,[等级12],[粉丝团 Lv1]
23:37:45,86540598597,军宝马,提前关注=额外100宵夜,[等级14],[粉丝团 Lv7]
23:37:45,7542012252325905468,一个人,提前关注=额外100宵夜,[等级2],
23:37:46,3935853383254972,老己,提前关注=额外100宵夜,[等级10],
23:37:46,100692061673,星云,提前关注=额外100宵夜,[等级22],[粉丝团 Lv2]
23:37:46,84363973263,爱吃猫粮的狗,提前关注=额外100宵夜,[等级24],[粉丝团 Lv11]
23:37:46,94702002324,立®💯,提前关注=额外100宵夜,[等级16],[粉丝团 Lv11]
23:37:48,100256442398,你荔枝一点,提前关注=额外100宵夜,[等级40],[粉丝团:张君雅 Lv11]
23:37:48,73946425419,恋 ι☆νε,提前关注=额外100宵夜,[等级29],[粉丝团 Lv5]
23:37:49,1966340616500030,哦玛尼呗美吽,提前关注=额外100宵夜,[等级16],[粉丝团 Lv11]
23:37:49,2467758467464359,时亽,提前关注=额外100宵夜,[等级26],[粉丝团 Lv7]
23:37:50,102136776150,0818⁷⁷⁹⁹,提前关注=额外100宵夜,[等级26],[粉丝团 Lv5]
23:37:54,4054649414618094,朴实,提前关注=额外100宵夜,[等级25],
23:37:54,97078591561,爆烟子老者,提前关注=额外100宵夜,[等级28],[粉丝团 Lv15]
23:37:54,4172001386442412,积囡King²⁵¹¹⁰³,提前关注=额外100宵夜,[等级17],[粉丝团 Lv7]
23:37:54,102310832434,彳亍,提前关注=额外100宵夜,[等级3],[粉丝团 Lv4]
23:37:55,1195890056105534,婷,提前关注=额外100宵夜,[等级6],
23:37:56,18593370631,Τοξότης   S hO_oTer,提前关注=额外100宵夜,[等级21],[粉丝团 Lv7]
23:37:57,67445711771,时节,提前关注=额外100宵夜,[等级15],[粉丝团 Lv11]
23:37:57,99901330981,虫-虫,提前关注=额外100宵夜,[等级9],[粉丝团 Lv8]
23:37:57,1417683749050826,林轩,提前关注=额外100宵夜,,
23:37:58,101895400649,一世一梦兮,提前关注=额外100宵夜,,
23:37:58,958376816164365,紅塵樂,提前关注=额外100宵夜,[等级17],[粉丝团 Lv11]
23:38:02,2084283329601839,闲人,提前关注=额外100宵夜,[等级16],[粉丝团 Lv8]
23:38:03,1723651305779751,蜡笔大新,提前关注=额外100宵夜,[等级11],[粉丝团 Lv7]
23:38:04,66190955676,香蕉不呐呐、,提前关注=额外100宵夜,[等级10],[粉丝团 Lv11]
23:38:05,88246739660,不再年轻,提前关注=额外100宵夜,[等级23],[粉丝团 Lv8]
23:38:06,88138475425,♂垓溜子⁵¹⁰⁷⁴🐸,提前关注=额外100宵夜,[等级34],[粉丝团 Lv15]
23:38:06,97809695267,幼稚小熊,提前关注=额外100宵夜,[等级12],
23:38:08,23597984757,你的阿文,提前关注=额外100宵夜,[等级18],[粉丝团 Lv5]
23:38:08,4363327136077560,小 陈,提前关注=额外100宵夜,[等级7],[粉丝团 Lv4]
23:38:09,1442975406098808,angenic,提前关注=额外100宵夜,[等级3],[粉丝团 Lv6]
23:38:10,3068075853219324,伊布,提前关注=额外100宵夜,[等级13],
23:38:10,3870753298851853,花海,提前关注=额外100宵夜,[等级18],[粉丝团 Lv10]
23:38:11,103229820209,为我爱,提前关注=额外100宵夜,[等级14],[粉丝团 Lv10]
23:38:12,103831763197,不禁你,提前关注=额外100宵夜,[等级18],[粉丝团 Lv14]
23:38:12,70279023557,粤H的♛过客,提前关注=额外100宵夜,[等级15],[粉丝团 Lv10]
23:38:13,80362583828,龙行天下,提前关注=额外100宵夜,[等级18],[粉丝团 Lv14]
23:38:13,4375664403680372,， ， ，,提前关注=额外100宵夜,[等级17],[粉丝团 Lv10]
23:38:13,2326217848783460,放之,提前关注=额外100宵夜,[等级22],[粉丝团 Lv7]
23:38:13,2228061436379418,知予🌙,提前关注=额外100宵夜,[等级20],[粉丝团 Lv12]
23:38:14,1297036455449180,戒烟,提前关注=额外100宵夜,[等级23],[粉丝团 Lv10]
23:38:14,105878869404,恶魔密密麻麻oO,提前关注=额外100宵夜,[等级12],[粉丝团 Lv9]
23:38:15,571361235313998,用户26886482,提前关注=额外100宵夜,[等级24],
23:38:15,3781944306829040,王丹丹🎀,提前关注=额外100宵夜,[等级23],
23:38:15,72303803915,✨️等一下³¹⁵,提前关注=额外100宵夜,[等级6],[粉丝团 Lv6]
23:38:15,3830347970129131,迷茫,提前关注=额外100宵夜,[等级19],[粉丝团 Lv11]
23:38:16,20864309009,寒冬🐳,提前关注=额外100宵夜,[等级2],[粉丝团 Lv2]
23:38:17,71377015111,聪明到爆炸,提前关注=额外100宵夜,[等级4],
23:38:17,3672017161697495,小张#,提前关注=额外100宵夜,[等级21],[粉丝团 Lv11]
23:38:17,76723261269,哬以畏菰獨,提前关注=额外100宵夜,[等级31],[粉丝团 Lv12]
23:38:17,264302609042429,小君君,提前关注=额外100宵夜,[等级25],[粉丝团 Lv8]
23:38:18,8395632158909,郭叔,提前关注=额外100宵夜,[等级8],[粉丝团 Lv7]
23:38:18,104214063416,惊梦,提前关注=额外100宵夜,[等级7],[粉丝团 Lv11]
23:38:18,98250603255,故渊,提前关注=额外100宵夜,[等级31],[粉丝团 Lv7]
23:38:18,426253457558092,珍惜当下,提前关注=额外100宵夜,[等级16],[粉丝团 Lv11]
23:38:18,103933721634,汪子_laurus💛,提前关注=额外100宵夜,[等级6],[粉丝团 Lv5]
23:38:18,1467226325002699,y..,提前关注=额外100宵夜,[等级2],
23:38:18,7422148882421662782,颜色花火火,提前关注=额外100宵夜,[等级7],[粉丝团 Lv3]
23:38:18,67919009014,Ace,提前关注=额外100宵夜,[等级21],[粉丝团 Lv11]
23:38:19,73777503873,···,提前关注=额外100宵夜,[等级9],[粉丝团 Lv8]
23:38:19,68636434834,安   北,提前关注=额外100宵夜,[等级12],[粉丝团 Lv3]
23:38:19,95675634343,星辰℡xin℡,提前关注=额外100宵夜,[等级12],[粉丝团 Lv10]
23:38:19,2766026632608376,水城二叔儿.,提前关注=额外100宵夜,[等级24],[粉丝团 Lv1]
23:38:19,3853164094438477,緣來茹此🚲,提前关注=额外100宵夜,[等级9],[粉丝团 Lv4]
23:38:19,101897316109,海斌,提前关注=额外100宵夜,[等级15],
23:38:20,52378278685,笑看人生@,提前关注=额外100宵夜,[等级22],[粉丝团 Lv10]
23:38:21,3812741579810891,lpan,提前关注=额外100宵夜,[等级14],[粉丝团 Lv9]
23:38:21,105745761408,ღ᭄尤先生ঞ᭄༊,提前关注=额外100宵夜,[等级31],
23:38:21,191791620436266,捡到一分钱,提前关注=额外100宵夜,[等级10],[粉丝团 Lv10]
23:38:21,65759036032,愁苗,提前关注=额外100宵夜,[等级29],[粉丝团 Lv11]
23:38:21,74604241645,马大哈,提前关注=额外100宵夜,[等级9],[粉丝团 Lv8]
23:38:21,75933958835,①,提前关注=额外100宵夜,[等级25],[粉丝团 Lv10]
23:38:22,97444881172,莓烦恼,提前关注=额外100宵夜,[等级22],[粉丝团 Lv5]
23:38:22,97551938802,冷言冷语出自你温暖的唇,提前关注=额外100宵夜,[等级24],[粉丝团 Lv11]
23:38:22,71228105712,刘胖胖老师,提前关注=额外100宵夜,[等级26],[粉丝团 Lv7]
23:38:23,101879848553,Tenacity、少年°,提前关注=额外100宵夜,[等级7],[粉丝团 Lv5]
23:38:23,96077725054,CCCC🐍,提前关注=额外100宵夜,[等级15],[粉丝团 Lv2]
23:38:23,2462540875440461,@不挽🍓,提前关注=额外100宵夜,[等级24],[粉丝团 Lv9]
23:38:23,65061947781,-717,提前关注=额外100宵夜,[等级26],[粉丝团 Lv2]
23:38:23,3692595160292100,0626,提前关注=额外100宵夜,[等级2],[粉丝团 Lv2]
23:38:23,2230280153223867,浮生清欢ミ,提前关注=额外100宵夜,[等级14],[粉丝团 Lv1]
23:38:23,58921725330,Hello-Pan,提前关注=额外100宵夜,[等级20],[粉丝团 Lv8]
23:38:25,3584009327358715,谜鹿～,提前关注=额外100宵夜,[等级7],
23:38:25,86544266992,丙丙,提前关注=额外100宵夜,[等级19],[粉丝团 Lv2]
23:38:25,4173397506134364,兜兜壮壮,提前关注=额外100宵夜,[等级22],[粉丝团 Lv10]
23:38:25,82841837313,無ꦿꦁ限໑期待࿐,提前关注=额外100宵夜,[等级29],[粉丝团 Lv9]
23:38:26,53582639162,Winhaven-,提前关注=额外100宵夜,[等级17],[粉丝团 Lv11]
23:38:27,61239329970,🐺触景伤情@,提前关注=额外100宵夜,[等级21],
23:38:27,679940723061876,知还,提前关注=额外100宵夜,[等级4],[粉丝团 Lv8]
23:38:28,4174169152425261,🌈无心,提前关注=额外100宵夜,[等级11],
23:38:30,3342983570406302,幸运的姑娘,提前关注=额外100宵夜,[等级18],[粉丝团 Lv12]
23:38:30,101992095112,青春之火,提前关注=额外100宵夜,[等级6],[粉丝团 Lv2]
23:38:30,111106436521,殿下,提前关注=额外100宵夜,[等级18],[粉丝团 Lv8]
23:38:31,109645873925,嘦丨姕,提前关注=额外100宵夜,[等级7],
23:38:31,223933154207331,YgTietnssgmexsn?,提前关注=额外100宵夜,[等级37],[粉丝团:张君雅 Lv16]
23:38:31,106102993117,珎嘻,提前关注=额外100宵夜,[等级15],[粉丝团 Lv9]
23:38:34,228297190934455,了了,提前关注=额外100宵夜,[等级17],[粉丝团 Lv12]
23:38:34,1050773780179976,老铁够荣,提前关注=额外100宵夜,[等级23],[粉丝团 Lv8]
23:38:34,52190447231,哥，绝世繁华,提前关注=额外100宵夜,[等级17],[粉丝团 Lv3]
23:38:35,2320436649015059,伊䇦,提前关注=额外100宵夜,[等级2],
23:38:36,68782605685,Mr. 伯虎,提前关注=额外100宵夜,[等级2],
23:38:36,57744951233,DJ-Colors,提前关注=额外100宵夜,[等级24],[粉丝团 Lv12]
23:38:37,61129639033,🌈🌈🐻,提前关注=额外100宵夜,[等级11],[粉丝团 Lv8]
23:38:37,2880356911415566,Kevin.,提前关注=额外100宵夜,[等级25],[粉丝团 Lv8]
23:38:38,7442318742409184313,Vv恬,提前关注=额外100宵夜,[等级15],[粉丝团 Lv10]
23:38:39,101785830291,4圆,提前关注=额外100宵夜,[等级45],[粉丝团 Lv16]
23:38:39,103442798670,夜...dz,提前关注=额外100宵夜,[等级14],[粉丝团 Lv11]
23:38:39,95605821824,难哄,提前关注=额外100宵夜,[等级29],[粉丝团 Lv12]
23:38:39,60993121321,现在就发财🔒,提前关注=额外100宵夜,[等级10],[粉丝团 Lv5]
23:38:40,2562302130793258,沐林,提前关注=额外100宵夜,[等级20],
23:38:40,347075141441799,㜂孞,提前关注=额外100宵夜,[等级28],[粉丝团 Lv11]
23:38:40,102574050291,有何不可,提前关注=额外100宵夜,[等级5],
23:38:41,1882837177607911,凾,提前关注=额外100宵夜,[等级9],[粉丝团 Lv2]
23:38:41,2320430451143755,糊糊胡辣汤,提前关注=额外100宵夜,[等级8],[粉丝团 Lv9]
23:38:41,1249522913392173,拾肆z,提前关注=额外100宵夜,[等级13],[粉丝团 Lv12]
23:38:42,74767654506,2..,提前关注=额外100宵夜,[等级17],[粉丝团 Lv11]
23:38:43,60649825759,iWenL.,提前关注=额外100宵夜,[等级10],[粉丝团 Lv11]
23:38:43,101410264319,早点睡,提前关注=额外100宵夜,[等级16],[粉丝团 Lv13]
23:38:44,106225683491,戴了不算给,提前关注=额外100宵夜,[等级25],[粉丝团 Lv3]
23:38:44,92749428343,꒰ঌ八方👣来财ღ᭄,提前关注=额外100宵夜,[等级21],
23:38:45,68181614717,🦁,提前关注=额外100宵夜,[等级23],[粉丝团 Lv11]
23:38:45,673368151176315,未知,提前关注=额外100宵夜,[等级11],
23:38:45,83945751038,小浪——,提前关注=额外100宵夜,[等级24],[粉丝团 Lv13]
23:38:45,4234909030300125,无泪的遗憾,提前关注=额外100宵夜,[等级13],
23:38:46,68716049509,糖心❤荷包蛋,提前关注=额外100宵夜,[等级15],[粉丝团 Lv2]
23:38:46,108468646412,田富贵,提前关注=额外100宵夜,[等级14],[粉丝团 Lv10]
23:38:47,94025094458,迷羊•᷄ࡇ•᷅💛,提前关注=额外100宵夜,[等级26],[粉丝团 Lv5]
23:38:47,96431820919,孤独本是常态,提前关注=额外100宵夜,[等级12],[粉丝团 Lv8]
23:38:47,99287638469,ღ᭄ꦿ均࿐,提前关注=额外100宵夜,,
23:38:48,1310215466920096,☞林,提前关注=额外100宵夜,[等级12],[粉丝团 Lv10]
23:38:49,97883609254,有一点甜,提前关注=额外100宵夜,[等级7],[粉丝团 Lv6]
23:38:49,109582980302,贰叁,提前关注=额外100宵夜,[等级7],[粉丝团 Lv6]
23:38:49,553749522160919,彭先生*,提前关注=额外100宵夜,[等级10],[粉丝团 Lv10]
23:38:50,109718270705,努力吧,提前关注=额外100宵夜,[等级11],[粉丝团 Lv10]
23:38:51,54327626551,遇见丶,提前关注=额外100宵夜,[等级20],[粉丝团 Lv7]
23:38:51,86186023809,July🍓,提前关注=额外100宵夜,[等级12],[粉丝团 Lv8]
23:38:51,95129404330,酷狗随心听,提前关注=额外100宵夜,[等级20],[粉丝团 Lv11]
23:38:52,3447658015132279,地产小秦总,提前关注=额外100宵夜,[等级16],[粉丝团 Lv1]
23:38:52,80328102687,食人族美食家,提前关注=额外100宵夜,[等级5],[粉丝团 Lv6]
23:38:53,4371256337510045,金钟大小驴,提前关注=额外100宵夜,[等级18],[粉丝团 Lv4]
23:38:53,104622035045,1743057232,提前关注=额外100宵夜,[等级17],[粉丝团 Lv11]
23:38:54,75453730391,风停了🫶（PLA）,提前关注=额外100宵夜,[等级18],[粉丝团 Lv10]
23:38:54,75395743032,俺福禄有,提前关注=额外100宵夜,[等级19],
23:38:55,75468729980,月光不慌、,提前关注=额外100宵夜,[等级7],
23:38:56,835253487536285,🍇,提前关注=额外100宵夜,[等级13],[粉丝团 Lv1]
23:38:56,71550468385,雨洛洛c,提前关注=额外100宵夜,[等级24],[粉丝团 Lv7]
23:38:56,1620000131256458,平安顺遂！,提前关注=额外100宵夜,[等级7],
23:38:56,101659156572,.......,提前关注=额外100宵夜,[等级10],[粉丝团 Lv5]
23:38:58,23487634423,白羊座的软泥怪,提前关注=额外100宵夜,[等级32],[粉丝团 Lv11]
23:38:58,66636232741,゚9420,提前关注=额外100宵夜,[等级19],[粉丝团 Lv6]
23:38:58,54843091381,哓醒,提前关注=额外100宵夜,[等级32],[粉丝团 Lv14]
23:39:00,2366611934423294,Deer,提前关注=额外100宵夜,[等级29],[粉丝团 Lv11]
23:39:00,3685985487958935,沧海一粟,提前关注=额外100宵夜,,
23:39:00,68263721669,星空.,提前关注=额外100宵夜,[等级10],[粉丝团 Lv2]
23:39:01,98792306347,小伙很有脾气,提前关注=额外100宵夜,[等级18],[粉丝团 Lv13]
23:39:01,901220023670014,棒棒糖,提前关注=额外100宵夜,[等级2],
23:39:01,72058595742,人间无趣,提前关注=额外100宵夜,[等级13],
23:39:02,1478180324784303,九尕,提前关注=额外100宵夜,[等级26],
23:39:02,104603242751,不张你,提前关注=额外100宵夜,[等级9],[粉丝团 Lv5]
23:39:03,92329111799,富得直刘油,提前关注=额外100宵夜,[等级10],[粉丝团 Lv10]
23:39:04,99811599959,5847,提前关注=额外100宵夜,[等级6],[粉丝团 Lv2]
23:39:04,105392418367,TB12,提前关注=额外100宵夜,[等级24],[粉丝团 Lv15]
23:39:04,96119282810,ℳℰ♡梦回ℳლ,提前关注=额外100宵夜,[等级19],[粉丝团 Lv2]
23:39:04,98563665388,🇨🇳Mr  Yang🇨🇳,提前关注=额外100宵夜,[等级18],[粉丝团 Lv5]
23:39:05,98199728187,橘杍昭,提前关注=额外100宵夜,[等级17],[粉丝团 Lv9]
23:39:05,3531260560939598,张小二,提前关注=额外100宵夜,[等级18],
23:39:06,104430122590,黄八咪,提前关注=额外100宵夜,[等级22],[粉丝团 Lv15]
23:39:06,105379245474,爱自有天意☆,提前关注=额外100宵夜,[等级15],[粉丝团 Lv1]
23:39:07,3683842542541420,明天,提前关注=额外100宵夜,[等级6],[粉丝团 Lv10]
23:39:07,97452943680,恋爱中的鱼,提前关注=额外100宵夜,[等级19],[粉丝团 Lv10]
23:39:08,99991685777,厮守一生,提前关注=额外100宵夜,[等级11],
23:39:08,104937507456,心里话,提前关注=额外100宵夜,[等级4],[粉丝团 Lv4]
23:39:10,433643150381401,佳雨豪,提前关注=额外100宵夜,[等级1],
23:39:10,71182891125,建,提前关注=额外100宵夜,[等级14],[粉丝团 Lv12]
23:39:11,2264634429283699,余醉,提前关注=额外100宵夜,[等级9],[粉丝团 Lv3]
23:39:11,85958039602,星河🌌✨,提前关注=额外100宵夜,[等级23],[粉丝团 Lv3]
23:39:11,98315502176,掂过禄蔗,提前关注=额外100宵夜,[等级10],[粉丝团 Lv2]
23:39:11,99480255555,河边草☘️☘️,提前关注=额外100宵夜,[等级10],
23:39:11,364681756686039,阿 兵👉,提前关注=额外100宵夜,[等级18],[粉丝团 Lv10]
23:39:12,505372189138547,大峻,提前关注=额外100宵夜,[等级6],
23:39:12,101974027983,军少,提前关注=额外100宵夜,[等级22],[粉丝团 Lv4]
23:39:12,4135680381034556,千禧💗,提前关注=额外100宵夜,[等级22],
23:39:15,96949635029,᭄一介🎋俗人ღᩚ᭄,提前关注=额外100宵夜,[等级28],[粉丝团 Lv10]
23:39:15,96556750285,啊瑞呀🧚‍♀️,提前关注=额外100宵夜,[等级16],[粉丝团 Lv10]
23:39:15,64926108487,风车车儿！,提前关注=额外100宵夜,[等级21],[粉丝团 Lv13]
23:39:16,66484196910,会哭的孩子有糖吃,提前关注=额外100宵夜,[等级13],[粉丝团 Lv10]
23:39:16,946019432163303,か不搭调,提前关注=额外100宵夜,[等级1],
23:39:16,110201112461,︶︿︶華,提前关注=额外100宵夜,[等级16],[粉丝团 Lv12]
23:39:17,2031505478007214,小羊煎蛋好难,提前关注=额外100宵夜,[等级10],
23:39:18,67243765085,a 🧸ྀི-doudougan 、,提前关注=额外100宵夜,[等级7],[粉丝团 Lv5]
23:39:18,97396347396,男神鲜,提前关注=额外100宵夜,[等级22],[粉丝团 Lv11]
23:39:20,97823044706,小云云@,提前关注=额外100宵夜,[等级18],[粉丝团 Lv14]
23:39:20,96570524433,-,提前关注=额外100宵夜,[等级18],[粉丝团 Lv12]
23:39:20,63180297015,∞,提前关注=额外100宵夜,[等级24],[粉丝团 Lv5]
23:39:20,59367625854,＂愺莓菋,提前关注=额外100宵夜,,
23:39:21,82087855488,信仔♂,提前关注=额外100宵夜,[等级10],[粉丝团 Lv2]
23:39:21,96570610137,徐诚泽,提前关注=额外100宵夜,[等级32],[粉丝团:张君雅 Lv11]
23:39:21,64494669288,lucky土豆,提前关注=额外100宵夜,[等级5],[粉丝团 Lv4]
23:39:21,4862013350589,厉扑,提前关注=额外100宵夜,[等级21],[粉丝团 Lv11]
23:39:22,1314669688261724,ღ°💞好运连连₁₃᭄¹⁴,提前关注=额外100宵夜,[等级11],[粉丝团 Lv11]
23:39:22,71320040864,今夜不宜私奔,提前关注=额外100宵夜,[等级4],
23:39:23,110129244917,老刘不抽烟不喝酒,提前关注=额外100宵夜,[等级16],[粉丝团 Lv9]
23:39:25,93297964360,A-喜欢郑欢喜,提前关注=额外100宵夜,[等级12],[粉丝团 Lv11]
23:39:25,66644476141,富的无人可比！因为有你,提前关注=额外100宵夜,[等级10],[粉丝团 Lv4]
23:39:25,83280595380,垨訫,提前关注=额外100宵夜,[等级18],[粉丝团 Lv14]
23:39:26,1873169170840430,🌈＃小何才露尖尖角#,提前关注=额外100宵夜,[等级6],[粉丝团 Lv2]
23:39:28,96933085113,惘然,提前关注=额外100宵夜,[等级6],[粉丝团 Lv1]
23:39:28,351471231054127,烟雨落盛京,提前关注=额外100宵夜,[等级7],[粉丝团 Lv1]
23:39:29,69651062781,popo,提前关注=额外100宵夜,[等级19],[粉丝团 Lv9]
23:39:29,1011205405148551,꧁จุ๊บ~岩~จุ๊บ꧂,提前关注=额外100宵夜,[等级17],[粉丝团 Lv10]
23:39:29,79977206128,甜拾贰,提前关注=额外100宵夜,[等级29],[粉丝团 Lv6]
23:39:30,105172079854,㝊♥怘,提前关注=额外100宵夜,[等级8],[粉丝团 Lv8]
23:39:31,106800448518,晴天.,提前关注=额外100宵夜,[等级7],[粉丝团 Lv5]
23:39:31,52200417965,等一个晴天,提前关注=额外100宵夜,[等级3],
23:39:31,70972451072,²⁰²⁶₆₆₆₆⁸⁸⁸⁸👤,提前关注=额外100宵夜,[等级28],[粉丝团 Lv10]
23:39:32,100397744161,✨发呆绵羊^_^,提前关注=额外100宵夜,[等级13],[粉丝团 Lv11]
23:39:32,1869588746997998,辛情不好,提前关注=额外100宵夜,[等级9],[粉丝团 Lv5]
23:39:33,699728327614007,⚝,提前关注=额外100宵夜,[等级14],[粉丝团 Lv10]
23:39:34,103080271781,金刚狼,提前关注=额外100宵夜,[等级13],[粉丝团 Lv11]
23:39:35,50426703220,🍀🍀🍀,提前关注=额外100宵夜,[等级9],[粉丝团 Lv11]
23:39:35,97951324215,"迈迈,",提前关注=额外100宵夜,[等级2],
23:39:35,110351051703,俊熙🪽,提前关注=额外100宵夜,[等级27],
23:39:35,810757032256368,流逝,提前关注=额外100宵夜,,
23:39:36,1526543106703800,山风,提前关注=额外100宵夜,[等级11],[粉丝团 Lv6]
23:39:36,59386176107,ZEH.6,提前关注=额外100宵夜,[等级19],[粉丝团 Lv12]
23:39:36,3262947324864823,M-,提前关注=额外100宵夜,[等级24],
23:39:37,99523617777,ꪖꪀꪗꪮꪀꫀ,提前关注=额外100宵夜,[等级8],[粉丝团 Lv10]
23:39:37,2419365802159008,风畔,提前关注=额外100宵夜,[等级14],[粉丝团 Lv11]
23:39:38,4309673772588587,jm-X,提前关注=额外100宵夜,[等级10],[粉丝团 Lv4]
23:39:39,81893556891,私宠,提前关注=额外100宵夜,[等级29],[粉丝团 Lv10]
23:39:39,265430371675060,知行合一,提前关注=额外100宵夜,,
23:39:39,2246996369348204,🚬᭄ℯ⃝沧桑ღꦿ꯭大叔᭄,提前关注=额外100宵夜,[等级22],[粉丝团 Lv15]
23:39:41,6578938383,小七与饼🫓,提前关注=额外100宵夜,[等级22],[粉丝团 Lv12]
23:39:42,95375879497,杨9264,提前关注=额外100宵夜,[等级16],[粉丝团 Lv5]
23:39:42,4397634603200328,🌈纸鸢栀年🌈,提前关注=额外100宵夜,[等级16],[粉丝团 Lv4]
23:39:43,1322028800160743,脸圆圆仙女,提前关注=额外100宵夜,[等级6],[粉丝团 Lv9]
23:39:43,95077118498,￴ ￴ㅤㅤㅤㅤㅤ,提前关注=额外100宵夜,[等级11],[粉丝团 Lv11]
23:39:46,71126905166,抖音小肋手,提前关注=额外100宵夜,[等级10],[粉丝团 Lv10]
23:39:47,104559485627,神雨,提前关注=额外100宵夜,[等级26],[粉丝团 Lv15]
23:39:47,817624937413011,渺秒,提前关注=额外100宵夜,[等级12],[粉丝团 Lv6]
23:39:49,105463503267,我的名字,提前关注=额外100宵夜,[等级15],[粉丝团 Lv10]
23:39:51,3140643204366574,糖果,提前关注=额外100宵夜,[等级26],
23:39:51,66738531238,亲言亲语🥰,提前关注=额外100宵夜,[等级11],
23:39:51,144753928700302,13点的月亮,提前关注=额外100宵夜,[等级13],
23:39:55,94621081467,雨踏歌行.,提前关注=额外100宵夜,[等级20],[粉丝团 Lv15]
23:39:56,534791512139482,胖虎,提前关注=额外100宵夜,[等级22],[粉丝团 Lv12]
23:39:56,60674251187,lynn,提前关注=额外100宵夜,[等级20],[粉丝团 Lv11]
23:39:58,2111526520493822,hsdjybt～,提前关注=额外100宵夜,[等级1],[粉丝团 Lv1]
23:40:00,92732969031,*勇驰,提前关注=额外100宵夜,[等级22],
23:40:00,93249640342,一曲笙歌。,提前关注=额外100宵夜,[等级10],[粉丝团 Lv9]
23:40:00,756107691431728,开心啦啦声,提前关注=额外100宵夜,[等级9],
23:40:00,849298153805198,羊马佳诚车行 亿顺力,提前关注=额外100宵夜,[等级12],[粉丝团 Lv10]
23:40:03,85995154606,Kite,提前关注=额外100宵夜,[等级28],[粉丝团 Lv11]
23:40:04,1566134587363532,TT。,提前关注=额外100宵夜,[等级13],[粉丝团 Lv12]
23:40:05,110199548674,风一样的c哥,提前关注=额外100宵夜,[等级7],
23:40:06,3221987978384023,🤡,提前关注=额外100宵夜,[等级22],[粉丝团 Lv11]
23:40:10,84498381011,仙女很酷,提前关注=额外100宵夜,[等级20],[粉丝团 Lv1]
23:40:10,864639857210395,瞎逛,提前关注=额外100宵夜,[等级9],[粉丝团 Lv9]
23:40:10,1502373077586859,自由如风,提前关注=额外100宵夜,[等级2],
23:40:10,1033139077789315,鱼蘇,提前关注=额外100宵夜,[等级6],[粉丝团 Lv7]
23:40:10,73279611209,向往神鹰,提前关注=额外100宵夜,[等级19],[粉丝团 Lv2]
23:40:11,76133959662,@等风起,提前关注=额外100宵夜,[等级14],[粉丝团 Lv8]
23:40:11,104187620532,˗ˋˏ芋泥啵啵冰ˎˊ,提前关注=额外100宵夜,[等级8],[粉丝团 Lv4]
23:40:11,3671996794416542,不發財便发疯,提前关注=额外100宵夜,[等级7],[粉丝团 Lv4]
23:40:12,93463318022,曾几何时,提前关注=额外100宵夜,[等级19],[粉丝团 Lv6]
23:40:12,58783129942,那、不放弃,提前关注=额外100宵夜,[等级29],[粉丝团 Lv14]
23:40:12,60986992311,AA,提前关注=额外100宵夜,[等级13],[粉丝团 Lv11]
23:40:12,1867400242274879,Ycp,提前关注=额外100宵夜,[等级2],[粉丝团 Lv2]
23:40:12,2579871464700492,凌,提前关注=额外100宵夜,[等级19],
23:40:12,2929532097010024,此情可待,提前关注=额外100宵夜,[等级7],[粉丝团 Lv10]
23:40:12,97269578916,少年从来不缺从头头头头头头再来的勇气32,提前关注=额外100宵夜,[等级14],[粉丝团 Lv10]
23:40:13,72798523886,🌈樂,提前关注=额外100宵夜,[等级12],[粉丝团 Lv4]
23:40:13,92966257923,独拥小雯殿下,提前关注=额外100宵夜,[等级9],[粉丝团 Lv7]
23:40:13,87094731678,5q,提前关注=额外100宵夜,[等级19],[粉丝团 Lv11]
23:40:13,88425646092,宇航员•ᯅ•,提前关注=额外100宵夜,[等级17],[粉丝团 Lv8]
23:40:15,2928742271822008,小小泡芙,提前关注=额外100宵夜,[等级12],[粉丝团 Lv8]
23:40:16,2172288807993832,随缘,提前关注=额外100宵夜,[等级12],[粉丝团 Lv11]
23:40:16,329470049525492,耶斯是只猫,提前关注=额外100宵夜,[等级16],[粉丝团 Lv9]
23:40:16,96712045544,AA照夜白,提前关注=额外100宵夜,[等级21],[粉丝团 Lv14]
23:40:16,2880353516665620,风忻,提前关注=额外100宵夜,[等级2],[粉丝团 Lv4]
23:40:16,1763255582985948,@㣻欦,提前关注=额外100宵夜,[等级13],[粉丝团 Lv4]
23:40:16,1449595978912395,County,提前关注=额外100宵夜,[等级15],
23:40:16,2686820790313848,小尔,提前关注=额外100宵夜,[等级6],
23:40:17,100134853365,🈚🈚🈚,提前关注=额外100宵夜,[等级12],[粉丝团 Lv11]
23:40:17,98539263329,Chains of love,提前关注=额外100宵夜,[等级3],[粉丝团 Lv3]
23:40:18,79274892852,🌈多可恨,提前关注=额外100宵夜,[等级10],
23:40:19,103340083195,涵涵爸,提前关注=额外100宵夜,[等级11],
23:40:19,68008802725,开心就好,提前关注=额外100宵夜,[等级22],[粉丝团 Lv11]
23:40:19,98711693489,L-AUG-15-LEO,提前关注=额外100宵夜,[等级44],[粉丝团 Lv17]
23:40:20,1477364996121568,小昵(有关必回),提前关注=额外100宵夜,[等级2],[粉丝团 Lv5]
23:40:20,3767344713177008,暴风雪,提前关注=额外100宵夜,[等级29],[粉丝团 Lv9]
23:40:20,110323877173,折一纸绿薄荷,提前关注=额外100宵夜,[等级14],
23:40:20,52728577669,扒拉我,提前关注=额外100宵夜,[等级12],[粉丝团 Lv10]
23:40:20,84622718321,馬先生,提前关注=额外100宵夜,[等级13],
23:40:23,109838929963,找我的小狗（酬谢2000）,提前关注=额外100宵夜,[等级10],
23:40:23,86994682911,多愁善感得人啊！,提前关注=额外100宵夜,[等级16],[粉丝团 Lv7]
23:40:23,94700920490,✨小崔的三餐四季,提前关注=额外100宵夜,[等级27],[粉丝团 Lv2]
23:40:24,676906896724280,可爱的萌大叔,提前关注=额外100宵夜,[等级20],[粉丝团 Lv3]
23:40:24,2063105162228877,南乔🌲,提前关注=额外100宵夜,[等级20],[粉丝团 Lv10]
23:40:25,70978557338,夏😴,提前关注=额外100宵夜,[等级3],[粉丝团 Lv7]
23:40:27,106880954198,￰￰ ￰,提前关注=额外100宵夜,[等级15],
23:40:28,54283906578,Sɪʟᴇɴᴛོ.🥀,提前关注=额外100宵夜,[等级3],[粉丝团 Lv1]
23:40:28,101691042918,曾不错.,提前关注=额外100宵夜,[等级11],[粉丝团 Lv10]
23:40:29,2593114517930931,李昱辰,提前关注=额外100宵夜,[等级22],[粉丝团 Lv6]
23:40:29,2704447415261789,༺❀ൢ逍༒遥❀ൢ༻,提前关注=额外100宵夜,[等级27],[粉丝团 Lv9]
23:40:30,1138696660989508,石材铺装班班长,提前关注=额外100宵夜,[等级9],[粉丝团 Lv10]
23:40:30,109876312721,吥悳,提前关注=额外100宵夜,[等级24],[粉丝团 Lv10]
23:40:31,63135597695,百万富猫,提前关注=额外100宵夜,[等级11],[粉丝团 Lv5]
23:40:31,101317510085,谢氏三少,提前关注=额外100宵夜,[等级18],[粉丝团 Lv5]
23:40:31,712092577186551,用户9906472227996,提前关注=额外100宵夜,[等级17],
23:40:32,990004217912040,Hygge,提前关注=额外100宵夜,[等级6],[粉丝团 Lv3]
23:40:32,4072213165637839,生而为人❤️,提前关注=额外100宵夜,[等级10],[粉丝团 Lv8]
23:40:32,952593387365390,✨^_^,提前关注=额外100宵夜,[等级10],[粉丝团 Lv6]
23:40:32,1887241188412124,许平安,提前关注=额外100宵夜,[等级13],
23:40:32,97184029558,哒哒哒,提前关注=额外100宵夜,[等级22],[粉丝团 Lv14]
23:40:33,2831938488113837,.无情,提前关注=额外100宵夜,[等级2],[粉丝团 Lv6]
23:40:33,101926859943,折.,提前关注=额外100宵夜,[等级12],[粉丝团 Lv11]
23:40:33,2651618032755742,画地为牢🥹🥹,提前关注=额外100宵夜,[等级12],
23:40:34,1882819063986220,🌈booboom,提前关注=额外100宵夜,[等级10],[粉丝团 Lv8]
23:40:34,22080829482,🍋,提前关注=额外100宵夜,[等级10],[粉丝团 Lv1]
23:40:34,488613368039181,火鸡面大王૮₍ᵔ⤙ᵔ ₎ა,提前关注=额外100宵夜,[等级13],[粉丝团 Lv9]
23:40:34,382251064365134,K头怪,提前关注=额外100宵夜,[等级18],[粉丝团 Lv14]
23:40:35,67769743593,忍住不吃夜宵,提前关注=额外100宵夜,[等级7],[粉丝团 Lv5]
23:40:35,94004001919,轻描淡写,提前关注=额外100宵夜,[等级2],[粉丝团 Lv1]
23:40:36,1764070548052008,存在,提前关注=额外100宵夜,[等级1],[粉丝团 Lv2]
23:40:36,67029363047,💍 👑,提前关注=额外100宵夜,[等级6],
23:40:36,3070261185223022,忆,提前关注=额外100宵夜,[等级21],[粉丝团 Lv9]
23:40:37,66582555031,雨,提前关注=额外100宵夜,[等级4],[粉丝团 Lv4]
23:40:37,2480113884605623,语文全校第一,提前关注=额外100宵夜,[等级7],
23:40:37,3620010759038280,一条猫猫虫,提前关注=额外100宵夜,[等级2],
23:40:37,918829591956531,尐尗,提前关注=额外100宵夜,[等级9],[粉丝团 Lv6]
23:40:37,72048161922,欧巴,提前关注=额外100宵夜,[等级7],
23:40:37,2506515111740072,北北.,提前关注=额外100宵夜,[等级9],[粉丝团 Lv3]
23:40:37,103581168572,·好友,提前关注=额外100宵夜,[等级15],[粉丝团 Lv11]
23:40:37,94492587301,氖咼,提前关注=额外100宵夜,[等级25],[粉丝团 Lv15]
23:40:37,108216606267931,彩神,提前关注=额外100宵夜,[等级3],
23:40:37,73418394821,T,提前关注=额外100宵夜,[等级5],
23:40:38,3622256951438761,打酱油,提前关注=额外100宵夜,[等级1],[粉丝团 Lv3]
23:40:38,3369357708103198,✨月亮✨,提前关注=额外100宵夜,[等级14],[粉丝团 Lv10]
23:40:38,64352267094,北鸢⁸⁰⁰⁸,提前关注=额外100宵夜,[等级16],[粉丝团 Lv9]
23:40:39,98517257628,小狐狸,提前关注=额外100宵夜,[等级8],[粉丝团 Lv3]
23:40:39,84590688267,蜗壳,提前关注=额外100宵夜,[等级9],
23:40:39,2440514471992398,ღ᭄晓💞波꧔ꦿ᭄,提前关注=额外100宵夜,[等级27],[粉丝团 Lv11]
23:40:39,4292946723090695,小饭,提前关注=额外100宵夜,[等级16],
23:40:39,44433158967902,樂lo,提前关注=额外100宵夜,[等级7],[粉丝团 Lv10]
23:40:40,94647432304,长大当奥特曼,提前关注=额外100宵夜,[等级3],[粉丝团 Lv4]
23:40:41,1758847056484503,等你@,提前关注=额外100宵夜,[等级7],[粉丝团 Lv2]
23:40:41,3139851793741644,🌈中不了亿点,提前关注=额外100宵夜,[等级16],
23:40:43,75467283296,酥酥,提前关注=额外100宵夜,[等级6],[粉丝团 Lv9]
23:40:43,4265726784049283,文钦,提前关注=额外100宵夜,[等级8],[粉丝团 Lv7]
23:40:43,18070838451319,大白话说商业,提前关注=额外100宵夜,[等级20],
23:40:43,68504009663,平行时空,提前关注=额外100宵夜,[等级24],[粉丝团 Lv8]
23:40:43,110021742385,柒安,提前关注=额外100宵夜,[等级21],[粉丝团 Lv13]
23:40:44,64096045771,ㅤㅤㅤㅤ ㅤㅤㅤ ㅤ  ㅤ,提前关注=额外100宵夜,[等级24],[粉丝团 Lv7]
23:40:44,861632917417133,言妮,提前关注=额外100宵夜,[等级5],[粉丝团 Lv2]
23:40:44,96110630817,道吉,提前关注=额外100宵夜,[等级17],[粉丝团 Lv3]
23:40:44,98844276406,amin,提前关注=额外100宵夜,[等级7],[粉丝团 Lv11]
23:40:45,110277570700,moment—FF,提前关注=额外100宵夜,[等级10],[粉丝团 Lv10]
23:40:46,104978029600,秋风,提前关注=额外100宵夜,[等级29],[粉丝团 Lv6]
23:40:46,748119529359267,✨,提前关注=额外100宵夜,[等级6],
23:40:47,78639296323,Big,提前关注=额外100宵夜,[等级28],[粉丝团 Lv10]
23:40:47,2748407219238739,Jimmy🧨,提前关注=额外100宵夜,[等级30],
23:40:47,101960512028,○,提前关注=额外100宵夜,[等级27],[粉丝团 Lv3]
23:40:47,73556493078,Sobremesa,提前关注=额外100宵夜,[等级18],[粉丝团 Lv9]
23:40:47,97822511714,·               初遇。,提前关注=额外100宵夜,[等级2],
23:40:47,94931211368,【木槿】㏒,提前关注=额外100宵夜,[等级18],[粉丝团 Lv10]
23:40:47,96533472723,ღ零榆,提前关注=额外100宵夜,[等级19],[粉丝团 Lv10]
23:40:48,93413901575,郑容和89,提前关注=额外100宵夜,[等级21],[粉丝团 Lv13]
23:40:48,63825509835,Y·杨小杨,提前关注=额外100宵夜,[等级8],[粉丝团 Lv5]
23:40:48,7522155854118077498,昔日旧梦浮现,提前关注=额外100宵夜,[等级1],
23:40:48,2968284040797660,🌈大赛🏍️,提前关注=额外100宵夜,[等级18],[粉丝团 Lv7]
23:40:49,1138728400067959,五星鲁能,提前关注=额外100宵夜,[等级19],
23:40:51,101718875526,yyiouo,提前关注=额外100宵夜,[等级22],
23:40:51,58657367557,丰鑫,提前关注=额外100宵夜,[等级22],[粉丝团 Lv4]
23:40:51,1662055106230765,真名,提前关注=额外100宵夜,[等级21],[粉丝团 Lv3]
23:40:52,99835293595,W anG,提前关注=额外100宵夜,[等级27],[粉丝团 Lv9]
23:40:53,104112295273,℡,提前关注=额外100宵夜,[等级13],[粉丝团 Lv10]
23:40:54,108617582166,金元哥,提前关注=额外100宵夜,[等级33],[粉丝团 Lv14]
23:40:55,2788789622417224,飞飞不会飞,提前关注=额外100宵夜,[等级16],[粉丝团 Lv7]
23:40:55,95970734818,二刺螈,提前关注=额外100宵夜,[等级12],[粉丝团 Lv8]
23:40:56,111045974815,不知自己是小丑,提前关注=额外100宵夜,[等级23],[粉丝团 Lv10]
23:40:57,80642999392,花臂男神🌹🌹,提前关注=额外100宵夜,[等级16],[粉丝团 Lv1]
23:40:57,93070103065,鱼🥚,提前关注=额外100宵夜,[等级20],
23:40:57,100717923722,老衲法号乱来,提前关注=额外100宵夜,[等级28],[粉丝团 Lv15]
23:40:57,88787629778,舍得,提前关注=额外100宵夜,[等级13],[粉丝团 Lv5]
23:40:58,108006394885,Ro,提前关注=额外100宵夜,[等级28],
23:40:59,95573296238,Xcling 77,提前关注=额外100宵夜,[等级11],[粉丝团 Lv10]
23:41:01,2471339393558301,王,提前关注=额外100宵夜,[等级17],[粉丝团 Lv13]
23:41:01,109172019642,唏.,提前关注=额外100宵夜,[等级6],
23:41:03,4168947043936104,李哥,提前关注=额外100宵夜,[等级13],[粉丝团 Lv2]
23:41:03,1819050476314715,用户5058308089739,提前关注=额外100宵夜,[等级2],
23:41:03,61730189721,Hello,提前关注=额外100宵夜,[等级12],
23:41:03,12701219559,平凡1,提前关注=额外100宵夜,[等级14],[粉丝团 Lv11]
23:41:06,92085058866,󠀀󠀀󠀀󠀀󠀀󠀀　󠀀󠀀󠀀,提前关注=额外100宵夜,[等级13],[粉丝团 Lv8]
23:41:06,103979303537,旅途风景,提前关注=额外100宵夜,[等级18],
23:41:06,60496289502,周叨叨,提前关注=额外100宵夜,[等级24],[粉丝团 Lv11]
23:41:08,84657551318,多少666666,提前关注=额外100宵夜,[等级20],[粉丝团 Lv11]
23:41:08,109642561045,宋,提前关注=额外100宵夜,[等级8],[粉丝团 Lv3]
23:41:10,3320964764669133,你的宝宝来了,提前关注=额外100宵夜,[等级20],[粉丝团 Lv11]
23:41:10,94899597090,吉他及她,提前关注=额外100宵夜,[等级12],[粉丝团 Lv7]
23:41:11,88724404304,惜离,提前关注=额外100宵夜,[等级18],[粉丝团 Lv14]
23:41:12,479006150908116,💝木易💝,提前关注=额外100宵夜,[等级14],[粉丝团 Lv7]
23:41:12,4226144139222216,🌈这个年纪,提前关注=额外100宵夜,[等级22],
23:41:12,646150920867687,希语 vita,提前关注=额外100宵夜,[等级9],[粉丝团 Lv4]
23:41:12,95449781677,又麻又辣冒菜馆,提前关注=额外100宵夜,[等级16],
23:41:12,73137244852,从前-从前,提前关注=额外100宵夜,[等级22],[粉丝团 Lv9]
23:41:12,4387488167905843,l,提前关注=额外100宵夜,[等级2],
23:41:13,64040564793,已重置,提前关注=额外100宵夜,[等级13],
23:41:13,4112645680544637,11，,提前关注=额外100宵夜,[等级5],
23:41:14,2121424254287001,云,提前关注=额外100宵夜,[等级23],[粉丝团 Lv3]
23:41:16,101911197669,涛哥,提前关注=额外100宵夜,[等级13],[粉丝团 Lv11]
23:41:20,62827847353,可爱鬼哇,提前关注=额外100宵夜,[等级10],[粉丝团 Lv2]
23:41:20,1297079987082765,哦呀呀,提前关注=额外100宵夜,[等级10],[粉丝团 Lv6]
23:41:20,98467806635,沐瑶🍓,提前关注=额外100宵夜,[等级12],[粉丝团 Lv12]
23:41:21,3977375121685258,簡单,提前关注=额外100宵夜,[等级6],
23:41:22,53113537180,☡zᶻ,提前关注=额外100宵夜,[等级11],[粉丝团 Lv8]
23:41:22,108637989468,初雨,提前关注=额外100宵夜,[等级20],[粉丝团 Lv13]
23:41:22,104780280098,上,提前关注=额外100宵夜,[等级21],[粉丝团 Lv13]
23:41:23,96583964455,发,提前关注=额外100宵夜,[等级19],[粉丝团 Lv12]
23:41:23,576585373061480,。,提前关注=额外100宵夜,[等级7],[粉丝团 Lv4]
23:41:24,108166017167,°yбu腻大叔、别撩.℡,提前关注=额外100宵夜,[等级7],[粉丝团 Lv9]
23:41:26,94651865854,胡瘋子,提前关注=额外100宵夜,,
23:41:26,215977234011368,千鹤良,提前关注=额外100宵夜,[等级5],
23:41:26,81457107592,够现实，,提前关注=额外100宵夜,[等级5],[粉丝团 Lv4]
23:41:26,3499123255542283,天天甜甜,提前关注=额外100宵夜,,
23:41:26,3267389381421940,❤️心宽路顺,提前关注=额外100宵夜,[等级9],[粉丝团 Lv12]
23:41:26,716478401752548,东东,提前关注=额外100宵夜,[等级2],
23:41:26,93584401913,我干嘛了.,提前关注=额外100宵夜,[等级22],[粉丝团 Lv9]
23:41:26,3866302121772893,哈总,提前关注=额外100宵夜,[等级14],
23:41:27,301718958515300,✨小鱼干 ⁵²³³🧸,提前关注=额外100宵夜,[等级23],[粉丝团 Lv6]
23:41:27,97954519178,讲道理的张某人,提前关注=额外100宵夜,[等级19],[粉丝团 Lv8]
23:41:27,355879667638380,77 二十七,提前关注=额外100宵夜,[等级16],[粉丝团 Lv3]
23:41:27,442438825040558,hello妹,提前关注=额外100宵夜,[等级20],[粉丝团 Lv11]
23:41:30,63804563564,桂B₇₇秋辰⁵²,提前关注=额外100宵夜,[等级29],[粉丝团 Lv12]
23:41:30,1322064223941683,8888,提前关注=额外100宵夜,[等级18],[粉丝团 Lv2]
23:41:30,63175519998,缘如雪,提前关注=额外100宵夜,[等级9],[粉丝团 Lv2]
23:41:30,4410845128828888,地狱小魔,提前关注=额外100宵夜,[等级25],[粉丝团 Lv11]
23:41:30,83842821625,M̶r̶-̶北̶筏̶,提前关注=额外100宵夜,[等级26],[粉丝团 Lv8]
23:41:31,2608517380054862,魏来无期,提前关注=额外100宵夜,[等级26],[粉丝团 Lv3]
23:41:31,96529515253,野驴,提前关注=额外100宵夜,[等级18],[粉丝团 Lv10]
23:41:31,3812710143761015,猫的树_,提前关注=额外100宵夜,[等级18],[粉丝团 Lv9]
23:41:32,4252526898322571,🎶人也以鱼,提前关注=额外100宵夜,[等级15],[粉丝团 Lv3]
23:41:33,63914578359,忆往昔,提前关注=额外100宵夜,[等级13],[粉丝团 Lv10]
23:41:33,1182699003581054,: ᝰ允许一切发生ꫀꪝ,提前关注=额外100宵夜,[等级11],[粉丝团 Lv11]
23:41:34,81244422932,一个🎃,提前关注=额外100宵夜,[等级9],[粉丝团 Lv11]
23:41:34,7401847410211128345,用户5275993357834,提前关注=额外100宵夜,[等级1],[粉丝团 Lv2]
23:41:34,101122461428,啥名字好呢,提前关注=额外100宵夜,[等级10],[粉丝团 Lv3]
23:41:34,72323355336,刘 美 丽🌻,提前关注=额外100宵夜,[等级12],[粉丝团 Lv10]
23:41:36,63911432831,雪花儿,提前关注=额外100宵夜,[等级9],
23:41:37,68520613919,小蚊子,提前关注=额外100宵夜,[等级20],[粉丝团 Lv11]
23:41:38,84821486195,混己,提前关注=额外100宵夜,[等级21],[粉丝团 Lv6]
23:41:38,85265674135,大边缘,提前关注=额外100宵夜,[等级9],
23:41:38,1450975985417879,@彬,提前关注=额外100宵夜,[等级15],[粉丝团 Lv6]
23:41:39,131564670813691,微笑过后,提前关注=额外100宵夜,[等级13],[粉丝团 Lv6]
23:41:39,1455359605095949,那个人,提前关注=额外100宵夜,[等级20],
23:41:39,4194001283195769,暴露出来了吗,提前关注=额外100宵夜,,
23:41:39,99696552776,As before＂⁵¹⁰⁷⁴,提前关注=额外100宵夜,[等级25],[粉丝团 Lv15]
23:41:39,4073019843026957,Enemy,提前关注=额外100宵夜,[等级17],
23:41:39,457866884690319,七七四十九,提前关注=额外100宵夜,[等级6],
23:41:39,83582725711,潮汐ㅤ,提前关注=额外100宵夜,[等级36],[粉丝团 Lv6]
23:41:40,95841253174,.,提前关注=额外100宵夜,[等级10],[粉丝团 Lv3]
23:41:40,63332449290,自由￰,提前关注=额外100宵夜,[等级29],[粉丝团 Lv15]
23:41:41,99670406488,杨@~￥少,提前关注=额外100宵夜,[等级19],[粉丝团 Lv7]
23:41:41,97936031738,ℒMx   乔⁷,提前关注=额外100宵夜,[等级18],[粉丝团 Lv12]
23:41:41,100709746384,大黑👩‍❤️‍👨耗子,提前关注=额外100宵夜,[等级27],[粉丝团 Lv11]
23:41:42,113950156132612,你该幸福了,提前关注=额外100宵夜,[等级11],
23:41:44,74751649064,超丶低调丶,提前关注=额外100宵夜,[等级11],[粉丝团 Lv11]
23:41:44,58210153174,🌈演太过,提前关注=额外100宵夜,[等级32],
23:41:44,93318988596,夨坕,提前关注=额外100宵夜,[等级17],
23:41:44,203848690440779,鱼的记忆,提前关注=额外100宵夜,,
23:41:45,156570565489492,故事权,提前关注=额外100宵夜,[等级10],
23:41:45,62733796221,栀栀,提前关注=额外100宵夜,[等级33],[粉丝团 Lv11]
23:41:45,68623735764,@童年的回忆,提前关注=额外100宵夜,[等级8],[粉丝团 Lv5]
23:41:45,4493051181408384,快乐小狗,提前关注=额外100宵夜,[等级10],[粉丝团 Lv1]
23:41:45,997970357529006,从此香烟不离手,提前关注=额外100宵夜,[等级29],[粉丝团 Lv7]
23:41:45,75179937078,南方车站的聚会,提前关注=额外100宵夜,[等级18],[粉丝团 Lv9]
23:41:45,2418529323199976,小杨不吃羊,提前关注=额外100宵夜,[等级10],[粉丝团 Lv9]
23:41:45,54930567561,禾歺何,提前关注=额外100宵夜,[等级3],
23:41:47,1734344376856969,清风明月,提前关注=额外100宵夜,[等级8],
23:41:47,1091132895018231,---,提前关注=额外100宵夜,[等级25],[粉丝团 Lv4]
23:41:47,3995005378659097,福运满满,提前关注=额外100宵夜,[等级1],[粉丝团 Lv2]
23:41:47,109826886250,（阳光小资）,提前关注=额外100宵夜,[等级11],
23:41:47,98828564130,曦曦爱听歌,提前关注=额外100宵夜,[等级22],[粉丝团 Lv8]
23:41:47,83360826901,🌈佩奇,提前关注=额外100宵夜,[等级6],[粉丝团 Lv7]
23:41:47,60251139357,雨中逢花,提前关注=额外100宵夜,[等级18],[粉丝团 Lv8]
23:41:48,88343631760,覔Dream,提前关注=额外100宵夜,[等级13],[粉丝团 Lv1]
23:41:48,96876517649,《●鸿●》,提前关注=额外100宵夜,[等级34],[粉丝团 Lv10]
23:41:48,72599971169,半山半月半朦胧,提前关注=额外100宵夜,[等级36],[粉丝团 Lv16]
23:41:49,68380036698,Chen✨,提前关注=额外100宵夜,[等级18],[粉丝团 Lv11]
23:41:49,106028942886,肆🌒月,提前关注=额外100宵夜,[等级29],[粉丝团 Lv11]
23:41:49,1031793184352656,猛踹瘸子那条好腿.,提前关注=额外100宵夜,[等级17],[粉丝团 Lv10]
23:41:49,75848648705,水晶石,提前关注=额外100宵夜,[等级17],[粉丝团 Lv13]
23:41:49,1335249075973859,故事张,提前关注=额外100宵夜,[等级10],
23:41:50,1763250021346887,梦,提前关注=额外100宵夜,[等级15],[粉丝团 Lv6]
23:41:50,58504931954,肖先森🤔,提前关注=额外100宵夜,[等级19],[粉丝团 Lv7]
23:41:50,96746269926,金尘,提前关注=额外100宵夜,[等级23],
23:41:50,3458397511101908,樱桃小丸子,提前关注=额外100宵夜,[等级9],
23:41:50,1121137935787678,吃个蟹煲,提前关注=额外100宵夜,[等级10],
23:41:50,7555382744055694394,雨清,提前关注=额外100宵夜,[等级11],[粉丝团 Lv10]
23:41:50,101538971796,A ~,提前关注=额外100宵夜,[等级25],
23:41:51,97043612764,Wish me Iuck,提前关注=额外100宵夜,[等级13],
23:41:51,4428446511137981,惗语,提前关注=额外100宵夜,[等级1],
23:41:51,102907009017,无时无刻,提前关注=额外100宵夜,[等级21],[粉丝团 Lv10]
23:41:51,1852025427466564,莫姐姐,提前关注=额外100宵夜,[等级16],[粉丝团 Lv3]
23:41:51,422653116030168,柠檬不萌🌙✨️,提前关注=额外100宵夜,[等级30],[粉丝团 Lv10]
23:41:51,111633741840,向天再借5厘米,提前关注=额外100宵夜,[等级38],[粉丝团 Lv12]
23:41:51,93795218191,侯闯,提前关注=额外100宵夜,[等级9],
23:41:51,96648861338,哈喽,提前关注=额外100宵夜,[等级8],
23:41:52,2722013630699155,做足疗的小伙,提前关注=额外100宵夜,[等级16],[粉丝团 Lv11]
23:41:52,87621798940,🏀百尺竿头🙈💤,提前关注=额外100宵夜,[等级26],[粉丝团 Lv3]
23:41:52,70192018079,悦已#渊,提前关注=额外100宵夜,[等级24],[粉丝团 Lv11]
23:41:52,4344861288836077,ya-n,提前关注=额外100宵夜,[等级17],[粉丝团 Lv1]
23:41:52,7521164088752833596,髙,提前关注=额外100宵夜,[等级9],[粉丝团 Lv6]
23:41:54,3930121019076649,小地地百货,提前关注=额外100宵夜,,
23:41:54,3657392782580219,小叶子子经营部,提前关注=额外100宵夜,[等级1],
23:41:54,7620238854788793381,西红柿首富,提前关注=额外100宵夜,[等级3],
23:41:55,3557674528277534,猛扇哑巴那张好嘴,提前关注=额外100宵夜,[等级1],[粉丝团 Lv3]
23:41:55,70815804538,邓哥,提前关注=额外100宵夜,[等级12],[粉丝团 Lv4]
23:41:55,92889249748,珍珠奶茶,提前关注=额外100宵夜,[等级9],
23:41:55,1656307798250695,土匪头子谢宝庆,提前关注=额外100宵夜,[等级18],
23:41:55,81377206099,愣愣,提前关注=额外100宵夜,[等级20],
23:41:55,54478275601,ℋ,提前关注=额外100宵夜,[等级2],[粉丝团 Lv3]
23:41:55,660179549163101,墨•米,提前关注=额外100宵夜,[等级32],[粉丝团 Lv10]
23:41:55,105993448995820,她删了微信,提前关注=额外100宵夜,[等级25],[粉丝团 Lv1]
23:41:55,728347451340313,吴小亿杂货铺,提前关注=额外100宵夜,,
23:41:55,70158329874,心安,提前关注=额外100宵夜,[等级12],[粉丝团 Lv10]
23:41:55,92313172077,糕冷,提前关注=额外100宵夜,[等级15],[粉丝团 Lv11]
23:41:55,75848951948,@尹菇諒,提前关注=额外100宵夜,[等级3],[粉丝团 Lv2]
23:41:56,111608995690,之词,提前关注=额外100宵夜,[等级4],[粉丝团 Lv4]
23:41:56,1073545460332751,你的名字ㅤ。,提前关注=额外100宵夜,[等级25],[粉丝团 Lv5]
23:41:56,83403793769,0920,提前关注=额外100宵夜,[等级26],
23:41:56,69707707149,傷情歳月,提前关注=额外100宵夜,[等级8],[粉丝团 Lv2]
23:41:56,2965799508641152,没错 一起的,提前关注=额外100宵夜,[等级2],[粉丝团 Lv4]
23:41:57,619779396739348,我就再吃一口,提前关注=额外100宵夜,,
23:41:59,82059622776,随心,提前关注=额外100宵夜,[等级4],[粉丝团 Lv6]
23:41:59,3819026927860087,搁浅的鱼！！,提前关注=额外100宵夜,[等级20],
23:41:59,111347213364,日本祥平珠宝,提前关注=额外100宵夜,[等级27],[粉丝团 Lv6]
23:41:59,3991654522692139,yrfff,提前关注=额外100宵夜,[等级2],
23:41:59,527384189077015,网恋露牛被录屏,提前关注=额外100宵夜,[等级15],
23:41:59,70956181766,△Y▽,提前关注=额外100宵夜,[等级1],
23:41:59,95258287395,南宫问天,提前关注=额外100宵夜,[等级15],[粉丝团 Lv10]
23:41:59,897630166846541,GrEen,提前关注=额外100宵夜,[等级4],
23:41:59,80950817911,锋,提前关注=额外100宵夜,[等级14],[粉丝团 Lv10]
23:41:59,95478855000,刘：Liᰔu,提前关注=额外100宵夜,[等级16],
23:41:59,3168173132357097,暖树,提前关注=额外100宵夜,[等级2],
23:42:00,68183809504,小丑鱼🐠,提前关注=额外100宵夜,[等级14],[粉丝团 Lv4]
23:42:00,101946506263,叠泉,提前关注=额外100宵夜,[等级12],[粉丝团 Lv9]
23:42:00,51999754070,北京亮辉照明,提前关注=额外100宵夜,[等级22],[粉丝团 Lv10]
23:42:00,88588629487,qingsong,提前关注=额外100宵夜,[等级12],[粉丝团 Lv5]
23:42:00,100870620397,静沐暖阳L-L,提前关注=额外100宵夜,[等级25],[粉丝团 Lv2]
23:42:00,567804805255341,赤恩,提前关注=额外100宵夜,[等级3],
23:42:00,3950996212948092,孤影,提前关注=额外100宵夜,[等级6],
23:42:00,4142551257070440,沉默雕塑,提前关注=额外100宵夜,[等级1],[粉丝团 Lv3]
23:42:00,70387409278,伴我别走,提前关注=额外100宵夜,[等级13],[粉丝团 Lv2]
23:42:00,85420740251,小静,提前关注=额外100宵夜,[等级19],[粉丝团 Lv10]
23:42:00,1875121556175175,与山共海,提前关注=额外100宵夜,,
23:42:00,3276168407556700,纳若二毛,提前关注=额外100宵夜,[等级8],[粉丝团 Lv1]
23:42:00,100372888733,睡不醒的奶娃,提前关注=额外100宵夜,[等级47],[粉丝团 Lv15]
23:42:00,95467273316,云南李家古茶坊²º²⁶,提前关注=额外100宵夜,[等级29],[粉丝团 Lv10]
23:42:00,2667839640840567,泸州|邓先生,提前关注=额外100宵夜,[等级3],
23:42:01,3853143234583767,无可奈何,提前关注=额外100宵夜,[等级8],[粉丝团 Lv3]
23:42:01,896795257867598,倪**,提前关注=额外100宵夜,[等级18],[粉丝团 Lv10]
23:42:01,2612038866831997,@雨花石,提前关注=额外100宵夜,[等级9],[粉丝团 Lv6]
23:42:01,2933143326688360,行者,提前关注=额外100宵夜,[等级26],[粉丝团 Lv4]
23:42:02,96658425872,百香果♛姐姐,提前关注=额外100宵夜,[等级25],[粉丝团 Lv10]
23:42:02,3878731271120167,悲伤麻辣烫.,提前关注=额外100宵夜,[等级6],[粉丝团 Lv6]
23:42:02,105620356169,不够,提前关注=额外100宵夜,[等级10],
23:42:02,95184005962,懒阳洋,提前关注=额外100宵夜,[等级11],
23:42:02,108466275626,超越与改变,提前关注=额外100宵夜,[等级27],[粉丝团 Lv8]
23:42:02,70924968701,Rꕤrui·͜,提前关注=额外100宵夜,[等级3],
23:42:02,19631097087,1网球混子,提前关注=额外100宵夜,[等级1],
23:42:02,3531250029833156,等风来-Mina🍂,提前关注=额外100宵夜,[等级24],[粉丝团 Lv9]
23:42:02,68614350879,三月,提前关注=额外100宵夜,[等级29],
23:42:02,1029596247760215,见山不识山,提前关注=额外100宵夜,[等级30],[粉丝团 Lv12]
23:42:02,58416689498,🇲🇴陈先森,提前关注=额外100宵夜,[等级30],[粉丝团 Lv12]
23:42:03,99388970497,秋序良月·清如许,提前关注=额外100宵夜,[等级13],
23:42:03,84835156154,77,提前关注=额外100宵夜,[等级5],
23:42:04,2154642030466491,雨停了…,提前关注=额外100宵夜,[等级6],[粉丝团 Lv2]
23:42:04,3606811001500957,大圣1981,提前关注=额外100宵夜,[等级2],[粉丝团 Lv2]
23:42:04,4156595235203163,凯哆,提前关注=额外100宵夜,[等级16],[粉丝团 Lv2]
23:42:04,3765197372142440,深井冰 ᥫᩣ,提前关注=额外100宵夜,[等级35],
23:42:04,93203450467,优质顾,提前关注=额外100宵夜,[等级16],[粉丝团 Lv10]
23:42:04,100234996303,自由334455,提前关注=额外100宵夜,[等级14],[粉丝团 Lv9]
23:42:04,1339657289736964,还没想好改个啥名,提前关注=额外100宵夜,[等级12],[粉丝团 Lv2]
23:42:05,582064631986267,星星（主页已建裙,提前关注=额外100宵夜,[等级3],
23:42:05,13090668748,开心就好,提前关注=额外100宵夜,[等级8],[粉丝团 Lv9]
23:42:05,97433075404,BRIGNA百丽格娜（习水店）,提前关注=额外100宵夜,[等级5],
23:42:05,3988630282438669,六次郎,提前关注=额外100宵夜,[等级8],
23:42:06,64777440812,一块八,提前关注=额外100宵夜,[等级8],[粉丝团 Lv6]
23:42:06,2950697191500819,根哥,提前关注=额外100宵夜,[等级30],[粉丝团 Lv4]
23:42:06,2694282562516328,玫瑰百合花,提前关注=额外100宵夜,[等级5],
23:42:06,105110251656,康志强,提前关注=额外100宵夜,[等级4],[粉丝团 Lv3]
23:42:06,461443683066728,G-,提前关注=额外100宵夜,[等级11],[粉丝团 Lv10]
23:42:06,72975132714,PpDeR😜ོ,提前关注=额外100宵夜,[等级13],[粉丝团 Lv4]
23:42:06,105366149546,衿暮,提前关注=额外100宵夜,[等级25],[粉丝团 Lv8]
23:42:06,102168450996,XJ,提前关注=额外100宵夜,[等级13],[粉丝团 Lv11]
23:42:06,3491698264777998,胜,提前关注=额外100宵夜,[等级10],
23:42:06,7630473413418009657,强强强,提前关注=额外100宵夜,,
23:42:06,98328564472,传奇,提前关注=额外100宵夜,[等级10],
23:42:06,97905464281,小石头~,提前关注=额外100宵夜,[等级12],
23:42:06,1126371595919784,再生山,提前关注=额外100宵夜,[等级10],[粉丝团 Lv4]
23:42:06,4126933129636428,kk~;yy555,提前关注=额外100宵夜,,
23:42:06,2798724147330953,WeiWei奶绿,提前关注=额外100宵夜,[等级7],
23:42:08,7509462163712525372,二手空调,提前关注=额外100宵夜,,
23:42:08,71308670940,吴,提前关注=额外100宵夜,[等级8],[粉丝团 Lv9]
23:42:08,62857700154,小章,提前关注=额外100宵夜,[等级4],
23:42:08,500996611254592,秦敏,提前关注=额外100宵夜,,
23:42:08,99949950796,妮子妈,提前关注=额外100宵夜,[等级9],
23:42:08,99136652391,庙主,提前关注=额外100宵夜,[等级19],[粉丝团 Lv5]
23:42:08,416061041683978,羽安,提前关注=额外100宵夜,,
23:42:08,2687650696805923,鑫儿,提前关注=额外100宵夜,[等级9],[粉丝团 Lv4]
23:42:08,75310461744,微笑🤠,提前关注=额外100宵夜,[等级19],[粉丝团 Lv10]
23:42:08,4012592300295660,发育,提前关注=额外100宵夜,[等级10],
23:42:09,97124962569,流浪的猫,提前关注=额外100宵夜,[等级10],
23:42:09,92467600665,小0,提前关注=额外100宵夜,[等级6],
23:42:09,3581573272442636,你好,提前关注=额外100宵夜,,
23:42:09,60447518073,潮潮,提前关注=额外100宵夜,[等级20],
23:42:10,108343701251,神秘人66678,提前关注=额外100宵夜,[等级16],[粉丝团 Lv6]
23:42:10,61760679687,送你1朵花叭🌈,提前关注=额外100宵夜,[等级17],
23:42:10,624154690462792,小豆包,提前关注=额外100宵夜,[等级24],[粉丝团 Lv1]
23:42:10,62501426358,记住丶给妳愉悦的人是wo,提前关注=额外100宵夜,[等级6],[粉丝团 Lv1]
23:42:10,786850879646155,萫伱,提前关注=额外100宵夜,[等级22],[粉丝团 Lv7]
23:42:10,2211812815943245,👹小郭👹,提前关注=额外100宵夜,[等级17],[粉丝团 Lv10]
23:42:10,2392950003742392,屋顶的猫,提前关注=额外100宵夜,[等级3],
23:42:10,63154448945,燃尽～,提前关注=额外100宵夜,[等级12],[粉丝团 Lv12]
23:42:10,95788584507,肆月,提前关注=额外100宵夜,[等级12],[粉丝团 Lv10]
23:42:10,109033393984,老王的一天,提前关注=额外100宵夜,[等级13],[粉丝团 Lv4]
23:42:10,97725692548,I春☜,提前关注=额外100宵夜,[等级19],[粉丝团 Lv3]
23:42:10,89748628552,顾顾,提前关注=额外100宵夜,,
23:42:10,1285785284522620,江月诗,提前关注=额外100宵夜,[等级6],
23:42:10,75247884245,《俗子爱财》&,提前关注=额外100宵夜,[等级8],
23:42:10,905597185173215,San条,提前关注=额外100宵夜,[等级11],[粉丝团 Lv4]
23:42:12,103948540494,浩晨,提前关注=额外100宵夜,[等级16],
23:42:12,103763440729,老黄瓜 8008,提前关注=额外100宵夜,[等级24],
23:42:12,307454640671556,夏天,提前关注=额外100宵夜,[等级15],
23:42:12,72774907591,🌻🌈QAQ,提前关注=额外100宵夜,[等级13],
23:42:12,475455349070075,D.M.G潮流宇宙,提前关注=额外100宵夜,[等级23],[粉丝团 Lv11]
23:42:12,92348188652,.小雏菊,提前关注=额外100宵夜,[等级13],[粉丝团 Lv11]
23:42:12,74480181675,揽尽风月,提前关注=额外100宵夜,[等级24],[粉丝团 Lv11]
23:42:12,70431932602,欲,提前关注=额外100宵夜,[等级9],[粉丝团 Lv11]
23:42:12,4344882875874087,林子4604893754108,提前关注=额外100宵夜,[等级7],[粉丝团 Lv2]
23:42:12,1855574863513582,干饭人,提前关注=额外100宵夜,[等级31],[粉丝团 Lv5]
23:42:12,98960997442,圆圆⁰⁴⁰³,提前关注=额外100宵夜,[等级24],[粉丝团 Lv10]
23:42:12,107888582749,华豫生活超市,提前关注=额外100宵夜,[等级4],[粉丝团 Lv3]
23:42:12,2721987630989661,小张。,提前关注=额外100宵夜,[等级2],
23:42:13,92454949845,陈皮糖.,提前关注=额外100宵夜,[等级17],[粉丝团 Lv11]
23:42:13,62125024731,💛蒶粉荭🍖幸運宠兒🍗˃̶͈̀👅<,提前关注=额外100宵夜,[等级13],
23:42:14,4212926004858724,武汉黑鸭·王人,提前关注=额外100宵夜,[等级5],[粉丝团 Lv2]
23:42:14,60843476736,拿跟紫云来咂咂,提前关注=额外100宵夜,[等级7],
23:42:15,110961011703,@@,提前关注=额外100宵夜,[等级28],[粉丝团 Lv13]
23:42:16,1837985400897575,路易十六,提前关注=额外100宵夜,[等级18],
23:42:16,4462272577281210,ˡᵁᵒ 某某人,提前关注=额外100宵夜,[等级6],[粉丝团 Lv10]
23:42:16,108590434327,张哥哥,提前关注=额外100宵夜,[等级19],[粉丝团 Lv5]
23:42:16,3659630629355774,陌尘,提前关注=额外100宵夜,[等级24],[粉丝团 Lv7]
23:42:16,93425469040,泛泛之辈,提前关注=额外100宵夜,[等级1],
23:42:17,67283812835,F,提前关注=额外100宵夜,[等级27],[粉丝团 Lv4]
23:42:18,104426138627,有钱就不给你花,提前关注=额外100宵夜,[等级25],[粉丝团 Lv11]
23:42:20,97824582816,Tina,提前关注=额外100宵夜,[等级32],[粉丝团 Lv16]
